# SYNTHETIC SAMPLE DATA - generated by scripts/generate_sample_data.py; NOT real air-raid alerts. For demonstration only. See data/README.md.
region,started_at,ended_at
Ivano-Frankivsk,2026-04-06T20:03:00+03:00,2026-04-06T21:43:00+03:00
Ivano-Frankivsk,2026-04-07T00:38:00+03:00,2026-04-07T02:36:00+03:00
Ivano-Frankivsk,2026-04-09T01:02:00+03:00,2026-04-09T02:30:00+03:00
Ivano-Frankivsk,2026-04-10T00:29:00+03:00,2026-04-10T02:25:00+03:00
Ivano-Frankivsk,2026-04-10T03:22:00+03:00,2026-04-10T05:15:00+03:00
Ivano-Frankivsk,2026-04-11T21:05:00+03:00,2026-04-11T22:26:00+03:00
Ivano-Frankivsk,2026-04-12T03:56:00+03:00,2026-04-12T04:51:00+03:00
Ivano-Frankivsk,2026-04-12T20:01:00+03:00,2026-04-12T21:44:00+03:00
Ivano-Frankivsk,2026-04-13T14:40:00+03:00,2026-04-13T16:32:00+03:00
Ivano-Frankivsk,2026-04-13T21:21:00+03:00,2026-04-13T22:10:00+03:00
Ivano-Frankivsk,2026-04-14T05:54:00+03:00,2026-04-14T07:38:00+03:00
Ivano-Frankivsk,2026-04-15T20:30:00+03:00,2026-04-15T21:18:00+03:00
Ivano-Frankivsk,2026-04-15T22:52:00+03:00,2026-04-16T00:31:00+03:00
Ivano-Frankivsk,2026-04-15T23:52:00+03:00,2026-04-16T01:00:00+03:00
Ivano-Frankivsk,2026-04-16T23:38:00+03:00,2026-04-17T00:10:00+03:00
Ivano-Frankivsk,2026-04-17T04:46:00+03:00,2026-04-17T06:30:00+03:00
Ivano-Frankivsk,2026-04-19T00:34:00+03:00,2026-04-19T01:31:00+03:00
Ivano-Frankivsk,2026-04-20T00:21:00+03:00,2026-04-20T01:21:00+03:00
Ivano-Frankivsk,2026-04-20T20:06:00+03:00,2026-04-20T21:13:00+03:00
Ivano-Frankivsk,2026-04-21T01:34:00+03:00,2026-04-21T03:06:00+03:00
Ivano-Frankivsk,2026-04-21T02:36:00+03:00,2026-04-21T03:17:00+03:00
Ivano-Frankivsk,2026-04-21T23:19:00+03:00,2026-04-22T00:58:00+03:00
Ivano-Frankivsk,2026-04-23T00:25:00+03:00,2026-04-23T01:41:00+03:00
Ivano-Frankivsk,2026-04-24T23:52:00+03:00,2026-04-25T00:40:00+03:00
Ivano-Frankivsk,2026-04-25T02:05:00+03:00,2026-04-25T04:03:00+03:00
Ivano-Frankivsk,2026-04-25T03:56:00+03:00,2026-04-25T05:49:00+03:00
Ivano-Frankivsk,2026-04-25T22:32:00+03:00,2026-04-26T00:16:00+03:00
Ivano-Frankivsk,2026-04-26T01:21:00+03:00,2026-04-26T03:07:00+03:00
Ivano-Frankivsk,2026-04-27T18:06:00+03:00,2026-04-27T19:27:00+03:00
Ivano-Frankivsk,2026-04-27T20:43:00+03:00,2026-04-27T21:21:00+03:00
Ivano-Frankivsk,2026-04-29T23:30:00+03:00,2026-04-30T00:23:00+03:00
Ivano-Frankivsk,2026-04-30T20:50:00+03:00,2026-04-30T22:20:00+03:00
Ivano-Frankivsk,2026-04-30T21:03:00+03:00,2026-04-30T22:22:00+03:00
Ivano-Frankivsk,2026-05-01T18:27:00+03:00,2026-05-01T19:23:00+03:00
Ivano-Frankivsk,2026-05-05T00:01:00+03:00,2026-05-05T01:39:00+03:00
Ivano-Frankivsk,2026-05-05T23:29:00+03:00,2026-05-06T00:01:00+03:00
Ivano-Frankivsk,2026-05-08T02:52:00+03:00,2026-05-08T04:34:00+03:00
Ivano-Frankivsk,2026-05-08T21:02:00+03:00,2026-05-08T22:29:00+03:00
Ivano-Frankivsk,2026-05-09T00:38:00+03:00,2026-05-09T02:23:00+03:00
Ivano-Frankivsk,2026-05-09T02:23:00+03:00,2026-05-09T03:12:00+03:00
Ivano-Frankivsk,2026-05-10T00:04:00+03:00,2026-05-10T02:03:00+03:00
Ivano-Frankivsk,2026-05-10T01:29:00+03:00,2026-05-10T02:19:00+03:00
Ivano-Frankivsk,2026-05-10T20:47:00+03:00,2026-05-10T22:35:00+03:00
Ivano-Frankivsk,2026-05-11T00:24:00+03:00,2026-05-11T01:29:00+03:00
Ivano-Frankivsk,2026-05-12T02:00:00+03:00,2026-05-12T02:39:00+03:00
Ivano-Frankivsk,2026-05-14T16:12:00+03:00,2026-05-14T17:36:00+03:00
Ivano-Frankivsk,2026-05-14T20:30:00+03:00,2026-05-14T21:52:00+03:00
Ivano-Frankivsk,2026-05-15T03:39:00+03:00,2026-05-15T05:00:00+03:00
Ivano-Frankivsk,2026-05-16T19:08:00+03:00,2026-05-16T19:48:00+03:00
Ivano-Frankivsk,2026-05-18T02:58:00+03:00,2026-05-18T04:37:00+03:00
Ivano-Frankivsk,2026-05-18T20:53:00+03:00,2026-05-18T22:18:00+03:00
Ivano-Frankivsk,2026-05-19T04:34:00+03:00,2026-05-19T06:15:00+03:00
Ivano-Frankivsk,2026-05-20T00:49:00+03:00,2026-05-20T02:23:00+03:00
Ivano-Frankivsk,2026-05-20T05:26:00+03:00,2026-05-20T06:18:00+03:00
Ivano-Frankivsk,2026-05-20T22:08:00+03:00,2026-05-20T22:52:00+03:00
Ivano-Frankivsk,2026-05-21T20:21:00+03:00,2026-05-21T21:59:00+03:00
Ivano-Frankivsk,2026-05-23T02:13:00+03:00,2026-05-23T03:02:00+03:00
Ivano-Frankivsk,2026-05-23T19:21:00+03:00,2026-05-23T20:42:00+03:00
Ivano-Frankivsk,2026-05-23T23:53:00+03:00,2026-05-24T00:53:00+03:00
Ivano-Frankivsk,2026-05-24T03:14:00+03:00,2026-05-24T04:29:00+03:00
Ivano-Frankivsk,2026-05-27T00:33:00+03:00,2026-05-27T02:05:00+03:00
Ivano-Frankivsk,2026-05-27T02:59:00+03:00,2026-05-27T03:50:00+03:00
Ivano-Frankivsk,2026-05-28T02:34:00+03:00,2026-05-28T04:10:00+03:00
Ivano-Frankivsk,2026-05-28T18:32:00+03:00,2026-05-28T19:32:00+03:00
Ivano-Frankivsk,2026-05-30T06:43:00+03:00,2026-05-30T08:18:00+03:00
Kharkiv,2026-04-06T00:19:00+03:00,2026-04-06T01:06:00+03:00
Kharkiv,2026-04-06T21:44:00+03:00,2026-04-06T22:18:00+03:00
Kharkiv,2026-04-06T23:20:00+03:00,2026-04-07T01:09:00+03:00
Kharkiv,2026-04-07T00:10:00+03:00,2026-04-07T00:47:00+03:00
Kharkiv,2026-04-07T01:18:00+03:00,2026-04-07T02:44:00+03:00
Kharkiv,2026-04-07T02:24:00+03:00,2026-04-07T04:21:00+03:00
Kharkiv,2026-04-07T03:15:00+03:00,2026-04-07T03:54:00+03:00
Kharkiv,2026-04-07T04:24:00+03:00,2026-04-07T06:24:00+03:00
Kharkiv,2026-04-07T18:05:00+03:00,2026-04-07T19:19:00+03:00
Kharkiv,2026-04-07T20:40:00+03:00,2026-04-07T22:34:00+03:00
Kharkiv,2026-04-07T21:18:00+03:00,2026-04-07T21:56:00+03:00
Kharkiv,2026-04-07T23:46:00+03:00,2026-04-08T00:25:00+03:00
Kharkiv,2026-04-08T00:21:00+03:00,2026-04-08T01:22:00+03:00
Kharkiv,2026-04-08T18:19:00+03:00,2026-04-08T20:02:00+03:00
Kharkiv,2026-04-08T19:40:00+03:00,2026-04-08T21:35:00+03:00
Kharkiv,2026-04-08T21:38:00+03:00,2026-04-08T23:34:00+03:00
Kharkiv,2026-04-09T00:22:00+03:00,2026-04-09T02:20:00+03:00
Kharkiv,2026-04-09T11:18:00+03:00,2026-04-09T12:35:00+03:00
Kharkiv,2026-04-09T14:04:00+03:00,2026-04-09T14:38:00+03:00
Kharkiv,2026-04-09T15:24:00+03:00,2026-04-09T16:16:00+03:00
Kharkiv,2026-04-09T19:57:00+03:00,2026-04-09T20:51:00+03:00
Kharkiv,2026-04-09T21:57:00+03:00,2026-04-09T23:10:00+03:00
Kharkiv,2026-04-09T23:50:00+03:00,2026-04-10T00:41:00+03:00
Kharkiv,2026-04-10T01:32:00+03:00,2026-04-10T02:20:00+03:00
Kharkiv,2026-04-10T03:25:00+03:00,2026-04-10T05:21:00+03:00
Kharkiv,2026-04-10T19:16:00+03:00,2026-04-10T19:47:00+03:00
Kharkiv,2026-04-10T20:24:00+03:00,2026-04-10T22:19:00+03:00
Kharkiv,2026-04-10T21:18:00+03:00,2026-04-10T23:09:00+03:00
Kharkiv,2026-04-10T22:53:00+03:00,2026-04-10T23:26:00+03:00
Kharkiv,2026-04-10T23:52:00+03:00,2026-04-11T01:30:00+03:00
Kharkiv,2026-04-11T01:53:00+03:00,2026-04-11T02:46:00+03:00
Kharkiv,2026-04-11T03:34:00+03:00,2026-04-11T04:06:00+03:00
Kharkiv,2026-04-11T11:25:00+03:00,2026-04-11T12:41:00+03:00
Kharkiv,2026-04-11T20:50:00+03:00,2026-04-11T21:27:00+03:00
Kharkiv,2026-04-11T21:10:00+03:00,2026-04-11T23:04:00+03:00
Kharkiv,2026-04-11T22:13:00+03:00,2026-04-11T22:54:00+03:00
Kharkiv,2026-04-11T23:56:00+03:00,2026-04-12T00:55:00+03:00
Kharkiv,2026-04-12T00:37:00+03:00,2026-04-12T01:31:00+03:00
Kharkiv,2026-04-12T01:00:00+03:00,2026-04-12T01:31:00+03:00
Kharkiv,2026-04-12T03:03:00+03:00,2026-04-12T04:52:00+03:00
Kharkiv,2026-04-12T05:15:00+03:00,2026-04-12T06:47:00+03:00
Kharkiv,2026-04-12T19:35:00+03:00,2026-04-12T21:10:00+03:00
Kharkiv,2026-04-12T22:30:00+03:00,2026-04-13T00:18:00+03:00
Kharkiv,2026-04-12T23:59:00+03:00,2026-04-13T01:43:00+03:00
Kharkiv,2026-04-13T00:18:00+03:00,2026-04-13T02:17:00+03:00
Kharkiv,2026-04-13T01:43:00+03:00,2026-04-13T03:43:00+03:00
Kharkiv,2026-04-13T03:07:00+03:00,2026-04-13T04:08:00+03:00
Kharkiv,2026-04-13T18:49:00+03:00,2026-04-13T20:41:00+03:00
Kharkiv,2026-04-13T20:00:00+03:00,2026-04-13T20:44:00+03:00
Kharkiv,2026-04-13T22:13:00+03:00,2026-04-13T22:57:00+03:00
Kharkiv,2026-04-13T23:16:00+03:00,2026-04-14T00:07:00+03:00
Kharkiv,2026-04-14T00:08:00+03:00,2026-04-14T01:45:00+03:00
Kharkiv,2026-04-14T02:13:00+03:00,2026-04-14T03:55:00+03:00
Kharkiv,2026-04-14T03:51:00+03:00,2026-04-14T05:43:00+03:00
Kharkiv,2026-04-14T19:04:00+03:00,2026-04-14T20:12:00+03:00
Kharkiv,2026-04-14T20:29:00+03:00,2026-04-14T21:36:00+03:00
Kharkiv,2026-04-14T21:38:00+03:00,2026-04-14T22:29:00+03:00
Kharkiv,2026-04-14T23:37:00+03:00,2026-04-15T00:32:00+03:00
Kharkiv,2026-04-15T00:08:00+03:00,2026-04-15T01:45:00+03:00
Kharkiv,2026-04-15T02:19:00+03:00,2026-04-15T03:24:00+03:00
Kharkiv,2026-04-15T03:54:00+03:00,2026-04-15T04:28:00+03:00
Kharkiv,2026-04-15T04:22:00+03:00,2026-04-15T05:21:00+03:00
Kharkiv,2026-04-15T18:19:00+03:00,2026-04-15T20:13:00+03:00
Kharkiv,2026-04-15T20:58:00+03:00,2026-04-15T22:27:00+03:00
Kharkiv,2026-04-15T22:45:00+03:00,2026-04-16T00:37:00+03:00
Kharkiv,2026-04-15T23:22:00+03:00,2026-04-16T00:56:00+03:00
Kharkiv,2026-04-16T03:21:00+03:00,2026-04-16T04:41:00+03:00
Kharkiv,2026-04-16T19:13:00+03:00,2026-04-16T21:04:00+03:00
Kharkiv,2026-04-16T22:05:00+03:00,2026-04-16T23:00:00+03:00
Kharkiv,2026-04-16T23:59:00+03:00,2026-04-17T01:54:00+03:00
Kharkiv,2026-04-17T00:05:00+03:00,2026-04-17T01:56:00+03:00
Kharkiv,2026-04-17T01:05:00+03:00,2026-04-17T01:43:00+03:00
Kharkiv,2026-04-17T02:53:00+03:00,2026-04-17T04:07:00+03:00
Kharkiv,2026-04-17T03:41:00+03:00,2026-04-17T04:18:00+03:00
Kharkiv,2026-04-17T21:12:00+03:00,2026-04-17T22:49:00+03:00
Kharkiv,2026-04-17T22:06:00+03:00,2026-04-17T23:27:00+03:00
Kharkiv,2026-04-17T23:30:00+03:00,2026-04-18T01:00:00+03:00
Kharkiv,2026-04-18T00:34:00+03:00,2026-04-18T01:45:00+03:00
Kharkiv,2026-04-18T01:45:00+03:00,2026-04-18T03:16:00+03:00
Kharkiv,2026-04-18T07:14:00+03:00,2026-04-18T08:25:00+03:00
Kharkiv,2026-04-18T18:06:00+03:00,2026-04-18T18:40:00+03:00
Kharkiv,2026-04-18T21:18:00+03:00,2026-04-18T22:38:00+03:00
Kharkiv,2026-04-19T00:23:00+03:00,2026-04-19T01:24:00+03:00
Kharkiv,2026-04-19T01:21:00+03:00,2026-04-19T02:18:00+03:00
Kharkiv,2026-04-19T02:38:00+03:00,2026-04-19T03:14:00+03:00
Kharkiv,2026-04-19T04:56:00+03:00,2026-04-19T06:13:00+03:00
Kharkiv,2026-04-19T20:21:00+03:00,2026-04-19T21:00:00+03:00
Kharkiv,2026-04-19T22:27:00+03:00,2026-04-19T23:39:00+03:00
Kharkiv,2026-04-19T23:44:00+03:00,2026-04-20T00:24:00+03:00
Kharkiv,2026-04-20T02:05:00+03:00,2026-04-20T02:46:00+03:00
Kharkiv,2026-04-20T03:32:00+03:00,2026-04-20T05:18:00+03:00
Kharkiv,2026-04-20T18:19:00+03:00,2026-04-20T19:44:00+03:00
Kharkiv,2026-04-20T20:11:00+03:00,2026-04-20T21:49:00+03:00
Kharkiv,2026-04-20T21:25:00+03:00,2026-04-20T23:25:00+03:00
Kharkiv,2026-04-20T22:28:00+03:00,2026-04-21T00:15:00+03:00
Kharkiv,2026-04-21T01:44:00+03:00,2026-04-21T02:59:00+03:00
Kharkiv,2026-04-21T02:07:00+03:00,2026-04-21T04:07:00+03:00
Kharkiv,2026-04-21T19:28:00+03:00,2026-04-21T21:23:00+03:00
Kharkiv,2026-04-21T22:14:00+03:00,2026-04-21T23:12:00+03:00
Kharkiv,2026-04-21T23:36:00+03:00,2026-04-22T00:13:00+03:00
Kharkiv,2026-04-22T00:02:00+03:00,2026-04-22T00:59:00+03:00
Kharkiv,2026-04-22T01:13:00+03:00,2026-04-22T03:05:00+03:00
Kharkiv,2026-04-22T04:25:00+03:00,2026-04-22T04:57:00+03:00
Kharkiv,2026-04-22T21:07:00+03:00,2026-04-22T23:03:00+03:00
Kharkiv,2026-04-22T23:39:00+03:00,2026-04-23T00:42:00+03:00
Kharkiv,2026-04-23T00:34:00+03:00,2026-04-23T01:15:00+03:00
Kharkiv,2026-04-23T01:27:00+03:00,2026-04-23T02:03:00+03:00
Kharkiv,2026-04-23T03:28:00+03:00,2026-04-23T05:00:00+03:00
Kharkiv,2026-04-23T04:29:00+03:00,2026-04-23T05:15:00+03:00
Kharkiv,2026-04-23T19:21:00+03:00,2026-04-23T20:11:00+03:00
Kharkiv,2026-04-23T20:40:00+03:00,2026-04-23T21:32:00+03:00
Kharkiv,2026-04-23T22:51:00+03:00,2026-04-23T23:30:00+03:00
Kharkiv,2026-04-23T23:29:00+03:00,2026-04-24T01:26:00+03:00
Kharkiv,2026-04-24T00:47:00+03:00,2026-04-24T02:31:00+03:00
Kharkiv,2026-04-24T01:43:00+03:00,2026-04-24T03:07:00+03:00
Kharkiv,2026-04-24T02:58:00+03:00,2026-04-24T04:16:00+03:00
Kharkiv,2026-04-24T03:58:00+03:00,2026-04-24T05:55:00+03:00
Kharkiv,2026-04-24T04:23:00+03:00,2026-04-24T05:12:00+03:00
Kharkiv,2026-04-24T17:10:00+03:00,2026-04-24T18:52:00+03:00
Kharkiv,2026-04-24T18:27:00+03:00,2026-04-24T18:59:00+03:00
Kharkiv,2026-04-24T20:34:00+03:00,2026-04-24T21:49:00+03:00
Kharkiv,2026-04-24T21:09:00+03:00,2026-04-24T21:52:00+03:00
Kharkiv,2026-04-24T22:09:00+03:00,2026-04-24T22:52:00+03:00
Kharkiv,2026-04-24T23:27:00+03:00,2026-04-25T00:59:00+03:00
Kharkiv,2026-04-25T00:27:00+03:00,2026-04-25T01:13:00+03:00
Kharkiv,2026-04-25T01:32:00+03:00,2026-04-25T02:49:00+03:00
Kharkiv,2026-04-25T02:29:00+03:00,2026-04-25T03:29:00+03:00
Kharkiv,2026-04-25T06:29:00+03:00,2026-04-25T07:35:00+03:00
Kharkiv,2026-04-25T16:25:00+03:00,2026-04-25T18:02:00+03:00
Kharkiv,2026-04-25T21:57:00+03:00,2026-04-25T23:37:00+03:00
Kharkiv,2026-04-25T23:02:00+03:00,2026-04-26T00:01:00+03:00
Kharkiv,2026-04-26T01:42:00+03:00,2026-04-26T02:49:00+03:00
Kharkiv,2026-04-26T02:10:00+03:00,2026-04-26T03:14:00+03:00
Kharkiv,2026-04-26T03:06:00+03:00,2026-04-26T04:55:00+03:00
Kharkiv,2026-04-26T04:13:00+03:00,2026-04-26T05:46:00+03:00
Kharkiv,2026-04-26T20:11:00+03:00,2026-04-26T20:43:00+03:00
Kharkiv,2026-04-26T23:47:00+03:00,2026-04-27T00:28:00+03:00
Kharkiv,2026-04-27T01:30:00+03:00,2026-04-27T03:14:00+03:00
Kharkiv,2026-04-27T03:20:00+03:00,2026-04-27T04:40:00+03:00
Kharkiv,2026-04-27T19:37:00+03:00,2026-04-27T20:16:00+03:00
Kharkiv,2026-04-27T20:31:00+03:00,2026-04-27T21:59:00+03:00
Kharkiv,2026-04-27T21:55:00+03:00,2026-04-27T23:31:00+03:00
Kharkiv,2026-04-27T22:46:00+03:00,2026-04-27T23:29:00+03:00
Kharkiv,2026-04-27T23:54:00+03:00,2026-04-28T00:36:00+03:00
Kharkiv,2026-04-28T00:55:00+03:00,2026-04-28T02:16:00+03:00
Kharkiv,2026-04-28T01:28:00+03:00,2026-04-28T03:10:00+03:00
Kharkiv,2026-04-28T02:46:00+03:00,2026-04-28T04:09:00+03:00
Kharkiv,2026-04-28T03:37:00+03:00,2026-04-28T05:17:00+03:00
Kharkiv,2026-04-28T04:26:00+03:00,2026-04-28T05:34:00+03:00
Kharkiv,2026-04-28T19:34:00+03:00,2026-04-28T20:54:00+03:00
Kharkiv,2026-04-28T21:12:00+03:00,2026-04-28T22:44:00+03:00
Kharkiv,2026-04-28T23:03:00+03:00,2026-04-29T00:23:00+03:00
Kharkiv,2026-04-29T00:34:00+03:00,2026-04-29T02:34:00+03:00
Kharkiv,2026-04-29T01:24:00+03:00,2026-04-29T01:58:00+03:00
Kharkiv,2026-04-29T02:17:00+03:00,2026-04-29T02:59:00+03:00
Kharkiv,2026-04-29T17:02:00+03:00,2026-04-29T18:39:00+03:00
Kharkiv,2026-04-29T21:19:00+03:00,2026-04-29T22:05:00+03:00
Kharkiv,2026-04-29T22:05:00+03:00,2026-04-29T23:01:00+03:00
Kharkiv,2026-04-29T23:31:00+03:00,2026-04-30T00:16:00+03:00
Kharkiv,2026-04-30T01:16:00+03:00,2026-04-30T03:07:00+03:00
Kharkiv,2026-04-30T02:16:00+03:00,2026-04-30T03:25:00+03:00
Kharkiv,2026-04-30T04:10:00+03:00,2026-04-30T04:51:00+03:00
Kharkiv,2026-04-30T21:44:00+03:00,2026-04-30T23:12:00+03:00
Kharkiv,2026-05-01T00:56:00+03:00,2026-05-01T02:37:00+03:00
Kharkiv,2026-05-01T01:45:00+03:00,2026-05-01T02:49:00+03:00
Kharkiv,2026-05-01T02:55:00+03:00,2026-05-01T04:00:00+03:00
Kharkiv,2026-05-01T03:45:00+03:00,2026-05-01T05:34:00+03:00
Kharkiv,2026-05-01T17:02:00+03:00,2026-05-01T19:02:00+03:00
Kharkiv,2026-05-01T18:16:00+03:00,2026-05-01T19:04:00+03:00
Kharkiv,2026-05-01T21:20:00+03:00,2026-05-01T23:04:00+03:00
Kharkiv,2026-05-01T23:11:00+03:00,2026-05-02T00:42:00+03:00
Kharkiv,2026-05-02T00:02:00+03:00,2026-05-02T01:25:00+03:00
Kharkiv,2026-05-02T02:18:00+03:00,2026-05-02T03:01:00+03:00
Kharkiv,2026-05-02T19:56:00+03:00,2026-05-02T21:23:00+03:00
Kharkiv,2026-05-02T21:21:00+03:00,2026-05-02T22:31:00+03:00
Kharkiv,2026-05-02T22:19:00+03:00,2026-05-02T23:04:00+03:00
Kharkiv,2026-05-03T00:06:00+03:00,2026-05-03T01:09:00+03:00
Kharkiv,2026-05-03T01:43:00+03:00,2026-05-03T03:30:00+03:00
Kharkiv,2026-05-03T02:41:00+03:00,2026-05-03T03:48:00+03:00
Kharkiv,2026-05-03T19:05:00+03:00,2026-05-03T20:55:00+03:00
Kharkiv,2026-05-03T21:22:00+03:00,2026-05-03T23:15:00+03:00
Kharkiv,2026-05-03T22:21:00+03:00,2026-05-04T00:07:00+03:00
Kharkiv,2026-05-03T23:23:00+03:00,2026-05-04T00:44:00+03:00
Kharkiv,2026-05-04T01:58:00+03:00,2026-05-04T02:59:00+03:00
Kharkiv,2026-05-04T03:56:00+03:00,2026-05-04T05:02:00+03:00
Kharkiv,2026-05-04T19:24:00+03:00,2026-05-04T20:18:00+03:00
Kharkiv,2026-05-04T20:22:00+03:00,2026-05-04T22:09:00+03:00
Kharkiv,2026-05-04T21:11:00+03:00,2026-05-04T23:07:00+03:00
Kharkiv,2026-05-04T22:51:00+03:00,2026-05-04T23:23:00+03:00
Kharkiv,2026-05-04T23:59:00+03:00,2026-05-05T01:33:00+03:00
Kharkiv,2026-05-05T02:27:00+03:00,2026-05-05T03:21:00+03:00
Kharkiv,2026-05-05T03:21:00+03:00,2026-05-05T04:41:00+03:00
Kharkiv,2026-05-05T20:47:00+03:00,2026-05-05T21:43:00+03:00
Kharkiv,2026-05-05T22:25:00+03:00,2026-05-05T23:03:00+03:00
Kharkiv,2026-05-05T23:51:00+03:00,2026-05-06T01:17:00+03:00
Kharkiv,2026-05-06T00:01:00+03:00,2026-05-06T01:16:00+03:00
Kharkiv,2026-05-06T01:13:00+03:00,2026-05-06T03:12:00+03:00
Kharkiv,2026-05-06T19:27:00+03:00,2026-05-06T19:59:00+03:00
Kharkiv,2026-05-06T20:09:00+03:00,2026-05-06T21:37:00+03:00
Kharkiv,2026-05-06T22:13:00+03:00,2026-05-07T00:11:00+03:00
Kharkiv,2026-05-07T01:05:00+03:00,2026-05-07T02:49:00+03:00
Kharkiv,2026-05-07T04:26:00+03:00,2026-05-07T05:58:00+03:00
Kharkiv,2026-05-07T05:14:00+03:00,2026-05-07T05:47:00+03:00
Kharkiv,2026-05-07T19:39:00+03:00,2026-05-07T20:46:00+03:00
Kharkiv,2026-05-07T22:31:00+03:00,2026-05-07T23:18:00+03:00
Kharkiv,2026-05-07T23:50:00+03:00,2026-05-08T01:04:00+03:00
Kharkiv,2026-05-08T01:41:00+03:00,2026-05-08T02:45:00+03:00
Kharkiv,2026-05-08T02:28:00+03:00,2026-05-08T03:34:00+03:00
Kharkiv,2026-05-08T04:22:00+03:00,2026-05-08T05:12:00+03:00
Kharkiv,2026-05-08T16:58:00+03:00,2026-05-08T18:08:00+03:00
Kharkiv,2026-05-08T21:50:00+03:00,2026-05-08T23:48:00+03:00
Kharkiv,2026-05-08T23:08:00+03:00,2026-05-08T23:55:00+03:00
Kharkiv,2026-05-09T00:17:00+03:00,2026-05-09T01:08:00+03:00
Kharkiv,2026-05-09T01:38:00+03:00,2026-05-09T02:42:00+03:00
Kharkiv,2026-05-09T03:43:00+03:00,2026-05-09T05:25:00+03:00
Kharkiv,2026-05-09T19:09:00+03:00,2026-05-09T20:37:00+03:00
Kharkiv,2026-05-09T20:07:00+03:00,2026-05-09T20:59:00+03:00
Kharkiv,2026-05-09T22:21:00+03:00,2026-05-09T23:18:00+03:00
Kharkiv,2026-05-09T23:50:00+03:00,2026-05-10T01:08:00+03:00
Kharkiv,2026-05-10T00:25:00+03:00,2026-05-10T02:12:00+03:00
Kharkiv,2026-05-10T02:16:00+03:00,2026-05-10T03:29:00+03:00
Kharkiv,2026-05-10T21:16:00+03:00,2026-05-10T22:06:00+03:00
Kharkiv,2026-05-10T22:41:00+03:00,2026-05-11T00:07:00+03:00
Kharkiv,2026-05-11T00:19:00+03:00,2026-05-11T01:33:00+03:00
Kharkiv,2026-05-11T01:27:00+03:00,2026-05-11T02:35:00+03:00
Kharkiv,2026-05-11T03:50:00+03:00,2026-05-11T04:56:00+03:00
Kharkiv,2026-05-11T05:13:00+03:00,2026-05-11T05:45:00+03:00
Kharkiv,2026-05-11T19:36:00+03:00,2026-05-11T20:28:00+03:00
Kharkiv,2026-05-11T21:24:00+03:00,2026-05-11T22:10:00+03:00
Kharkiv,2026-05-11T23:29:00+03:00,2026-05-12T00:56:00+03:00
Kharkiv,2026-05-12T00:20:00+03:00,2026-05-12T00:59:00+03:00
Kharkiv,2026-05-12T01:45:00+03:00,2026-05-12T03:23:00+03:00
Kharkiv,2026-05-12T02:24:00+03:00,2026-05-12T03:54:00+03:00
Kharkiv,2026-05-12T03:12:00+03:00,2026-05-12T05:05:00+03:00
Kharkiv,2026-05-12T04:37:00+03:00,2026-05-12T06:25:00+03:00
Kharkiv,2026-05-12T19:29:00+03:00,2026-05-12T21:21:00+03:00
Kharkiv,2026-05-12T21:39:00+03:00,2026-05-12T22:19:00+03:00
Kharkiv,2026-05-12T22:08:00+03:00,2026-05-13T00:06:00+03:00
Kharkiv,2026-05-13T00:31:00+03:00,2026-05-13T01:07:00+03:00
Kharkiv,2026-05-13T02:02:00+03:00,2026-05-13T03:19:00+03:00
Kharkiv,2026-05-13T06:04:00+03:00,2026-05-13T07:02:00+03:00
Kharkiv,2026-05-13T20:29:00+03:00,2026-05-13T21:18:00+03:00
Kharkiv,2026-05-13T21:02:00+03:00,2026-05-13T21:35:00+03:00
Kharkiv,2026-05-13T22:14:00+03:00,2026-05-14T00:06:00+03:00
Kharkiv,2026-05-14T00:52:00+03:00,2026-05-14T02:31:00+03:00
Kharkiv,2026-05-14T01:07:00+03:00,2026-05-14T01:37:00+03:00
Kharkiv,2026-05-14T03:24:00+03:00,2026-05-14T05:04:00+03:00
Kharkiv,2026-05-14T18:18:00+03:00,2026-05-14T18:54:00+03:00
Kharkiv,2026-05-14T19:59:00+03:00,2026-05-14T21:11:00+03:00
Kharkiv,2026-05-14T21:03:00+03:00,2026-05-14T22:39:00+03:00
Kharkiv,2026-05-14T22:31:00+03:00,2026-05-14T23:10:00+03:00
Kharkiv,2026-05-14T23:44:00+03:00,2026-05-15T00:55:00+03:00
Kharkiv,2026-05-15T00:19:00+03:00,2026-05-15T01:11:00+03:00
Kharkiv,2026-05-15T18:06:00+03:00,2026-05-15T19:30:00+03:00
Kharkiv,2026-05-15T20:47:00+03:00,2026-05-15T21:26:00+03:00
Kharkiv,2026-05-15T21:48:00+03:00,2026-05-15T22:56:00+03:00
Kharkiv,2026-05-15T22:26:00+03:00,2026-05-15T23:51:00+03:00
Kharkiv,2026-05-15T23:03:00+03:00,2026-05-16T00:31:00+03:00
Kharkiv,2026-05-16T00:27:00+03:00,2026-05-16T02:26:00+03:00
Kharkiv,2026-05-16T01:44:00+03:00,2026-05-16T02:30:00+03:00
Kharkiv,2026-05-16T02:33:00+03:00,2026-05-16T03:05:00+03:00
Kharkiv,2026-05-16T04:41:00+03:00,2026-05-16T06:09:00+03:00
Kharkiv,2026-05-16T19:46:00+03:00,2026-05-16T21:37:00+03:00
Kharkiv,2026-05-16T21:07:00+03:00,2026-05-16T22:47:00+03:00
Kharkiv,2026-05-17T01:04:00+03:00,2026-05-17T02:46:00+03:00
Kharkiv,2026-05-17T03:53:00+03:00,2026-05-17T04:25:00+03:00
Kharkiv,2026-05-17T17:17:00+03:00,2026-05-17T18:33:00+03:00
Kharkiv,2026-05-17T19:30:00+03:00,2026-05-17T20:51:00+03:00
Kharkiv,2026-05-17T20:55:00+03:00,2026-05-17T21:58:00+03:00
Kharkiv,2026-05-17T22:51:00+03:00,2026-05-18T00:47:00+03:00
Kharkiv,2026-05-18T01:59:00+03:00,2026-05-18T03:34:00+03:00
Kharkiv,2026-05-18T02:42:00+03:00,2026-05-18T04:07:00+03:00
Kharkiv,2026-05-18T03:05:00+03:00,2026-05-18T04:29:00+03:00
Kharkiv,2026-05-18T20:31:00+03:00,2026-05-18T22:10:00+03:00
Kharkiv,2026-05-18T21:27:00+03:00,2026-05-18T22:47:00+03:00
Kharkiv,2026-05-18T23:34:00+03:00,2026-05-19T00:37:00+03:00
Kharkiv,2026-05-19T00:49:00+03:00,2026-05-19T02:25:00+03:00
Kharkiv,2026-05-19T02:56:00+03:00,2026-05-19T03:28:00+03:00
Kharkiv,2026-05-19T03:41:00+03:00,2026-05-19T04:42:00+03:00
Kharkiv,2026-05-19T18:09:00+03:00,2026-05-19T19:19:00+03:00
Kharkiv,2026-05-19T20:44:00+03:00,2026-05-19T22:30:00+03:00
Kharkiv,2026-05-20T00:42:00+03:00,2026-05-20T02:21:00+03:00
Kharkiv,2026-05-20T01:51:00+03:00,2026-05-20T03:45:00+03:00
Kharkiv,2026-05-20T02:28:00+03:00,2026-05-20T04:21:00+03:00
Kharkiv,2026-05-20T05:04:00+03:00,2026-05-20T06:41:00+03:00
Kharkiv,2026-05-20T18:08:00+03:00,2026-05-20T18:38:00+03:00
Kharkiv,2026-05-20T19:56:00+03:00,2026-05-20T20:47:00+03:00
Kharkiv,2026-05-20T21:36:00+03:00,2026-05-20T22:12:00+03:00
Kharkiv,2026-05-21T00:07:00+03:00,2026-05-21T00:45:00+03:00
Kharkiv,2026-05-21T20:37:00+03:00,2026-05-21T21:51:00+03:00
Kharkiv,2026-05-21T21:50:00+03:00,2026-05-21T22:51:00+03:00
Kharkiv,2026-05-21T22:50:00+03:00,2026-05-22T00:20:00+03:00
Kharkiv,2026-05-21T23:13:00+03:00,2026-05-22T00:43:00+03:00
Kharkiv,2026-05-22T00:47:00+03:00,2026-05-22T01:51:00+03:00
Kharkiv,2026-05-22T03:37:00+03:00,2026-05-22T04:49:00+03:00
Kharkiv,2026-05-22T04:58:00+03:00,2026-05-22T06:38:00+03:00
Kharkiv,2026-05-22T05:24:00+03:00,2026-05-22T06:51:00+03:00
Kharkiv,2026-05-22T19:17:00+03:00,2026-05-22T21:13:00+03:00
Kharkiv,2026-05-22T20:05:00+03:00,2026-05-22T21:13:00+03:00
Kharkiv,2026-05-22T21:14:00+03:00,2026-05-22T22:12:00+03:00
Kharkiv,2026-05-22T23:14:00+03:00,2026-05-23T00:51:00+03:00
Kharkiv,2026-05-23T01:11:00+03:00,2026-05-23T03:06:00+03:00
Kharkiv,2026-05-23T02:10:00+03:00,2026-05-23T02:47:00+03:00
Kharkiv,2026-05-23T03:17:00+03:00,2026-05-23T03:56:00+03:00
Kharkiv,2026-05-23T18:58:00+03:00,2026-05-23T20:26:00+03:00
Kharkiv,2026-05-23T21:03:00+03:00,2026-05-23T22:08:00+03:00
Kharkiv,2026-05-23T22:59:00+03:00,2026-05-24T00:28:00+03:00
Kharkiv,2026-05-23T23:14:00+03:00,2026-05-24T00:10:00+03:00
Kharkiv,2026-05-24T00:46:00+03:00,2026-05-24T02:14:00+03:00
Kharkiv,2026-05-24T01:56:00+03:00,2026-05-24T02:38:00+03:00
Kharkiv,2026-05-24T02:13:00+03:00,2026-05-24T04:05:00+03:00
Kharkiv,2026-05-24T03:01:00+03:00,2026-05-24T04:55:00+03:00
Kharkiv,2026-05-24T05:46:00+03:00,2026-05-24T06:38:00+03:00
Kharkiv,2026-05-24T19:29:00+03:00,2026-05-24T21:09:00+03:00
Kharkiv,2026-05-24T20:02:00+03:00,2026-05-24T20:36:00+03:00
Kharkiv,2026-05-24T23:44:00+03:00,2026-05-25T00:48:00+03:00
Kharkiv,2026-05-25T00:35:00+03:00,2026-05-25T01:43:00+03:00
Kharkiv,2026-05-25T01:18:00+03:00,2026-05-25T03:07:00+03:00
Kharkiv,2026-05-25T03:58:00+03:00,2026-05-25T05:08:00+03:00
Kharkiv,2026-05-25T17:53:00+03:00,2026-05-25T19:02:00+03:00
Kharkiv,2026-05-25T18:35:00+03:00,2026-05-25T19:25:00+03:00
Kharkiv,2026-05-25T20:33:00+03:00,2026-05-25T21:27:00+03:00
Kharkiv,2026-05-25T22:46:00+03:00,2026-05-26T00:45:00+03:00
Kharkiv,2026-05-25T23:53:00+03:00,2026-05-26T01:52:00+03:00
Kharkiv,2026-05-26T00:26:00+03:00,2026-05-26T01:48:00+03:00
Kharkiv,2026-05-26T01:03:00+03:00,2026-05-26T01:37:00+03:00
Kharkiv,2026-05-26T02:12:00+03:00,2026-05-26T03:25:00+03:00
Kharkiv,2026-05-26T03:37:00+03:00,2026-05-26T05:30:00+03:00
Kharkiv,2026-05-26T04:39:00+03:00,2026-05-26T06:25:00+03:00
Kharkiv,2026-05-26T22:57:00+03:00,2026-05-27T00:35:00+03:00
Kharkiv,2026-05-26T23:35:00+03:00,2026-05-27T00:48:00+03:00
Kharkiv,2026-05-27T03:18:00+03:00,2026-05-27T04:36:00+03:00
Kharkiv,2026-05-27T18:30:00+03:00,2026-05-27T19:53:00+03:00
Kharkiv,2026-05-27T20:28:00+03:00,2026-05-27T21:16:00+03:00
Kharkiv,2026-05-27T21:42:00+03:00,2026-05-27T23:34:00+03:00
Kharkiv,2026-05-27T22:47:00+03:00,2026-05-28T00:38:00+03:00
Kharkiv,2026-05-28T00:37:00+03:00,2026-05-28T01:07:00+03:00
Kharkiv,2026-05-28T01:18:00+03:00,2026-05-28T02:15:00+03:00
Kharkiv,2026-05-28T02:35:00+03:00,2026-05-28T03:17:00+03:00
Kharkiv,2026-05-28T04:32:00+03:00,2026-05-28T06:26:00+03:00
Kharkiv,2026-05-28T18:02:00+03:00,2026-05-28T18:39:00+03:00
Kharkiv,2026-05-28T19:42:00+03:00,2026-05-28T20:32:00+03:00
Kharkiv,2026-05-28T20:11:00+03:00,2026-05-28T21:04:00+03:00
Kharkiv,2026-05-28T21:11:00+03:00,2026-05-28T22:44:00+03:00
Kharkiv,2026-05-28T22:33:00+03:00,2026-05-28T23:17:00+03:00
Kharkiv,2026-05-28T23:57:00+03:00,2026-05-29T01:14:00+03:00
Kharkiv,2026-05-29T00:08:00+03:00,2026-05-29T01:50:00+03:00
Kharkiv,2026-05-29T01:49:00+03:00,2026-05-29T02:40:00+03:00
Kharkiv,2026-05-29T04:42:00+03:00,2026-05-29T06:07:00+03:00
Kharkiv,2026-05-29T18:23:00+03:00,2026-05-29T18:58:00+03:00
Kharkiv,2026-05-29T19:31:00+03:00,2026-05-29T20:15:00+03:00
Kharkiv,2026-05-29T22:07:00+03:00,2026-05-29T23:17:00+03:00
Kharkiv,2026-05-29T23:18:00+03:00,2026-05-30T01:14:00+03:00
Kharkiv,2026-05-30T00:34:00+03:00,2026-05-30T02:17:00+03:00
Kharkiv,2026-05-30T04:09:00+03:00,2026-05-30T05:06:00+03:00
Kharkiv,2026-05-30T16:34:00+03:00,2026-05-30T17:54:00+03:00
Kharkiv,2026-05-30T19:55:00+03:00,2026-05-30T21:11:00+03:00
Kharkiv,2026-05-30T23:56:00+03:00,2026-05-31T01:23:00+03:00
Kharkiv,2026-05-31T00:59:00+03:00,2026-05-31T01:32:00+03:00
Kharkiv,2026-05-31T02:19:00+03:00,2026-05-31T03:55:00+03:00
Kharkiv,2026-05-31T04:16:00+03:00,2026-05-31T05:47:00+03:00
Kharkiv,2026-05-31T22:16:00+03:00,2026-06-01T00:11:00+03:00
Kharkiv,2026-05-31T23:24:00+03:00,2026-06-01T01:18:00+03:00
Kyiv,2026-04-06T00:30:00+03:00,2026-04-06T02:17:00+03:00
Kyiv,2026-04-06T03:40:00+03:00,2026-04-06T04:21:00+03:00
Kyiv,2026-04-06T20:38:00+03:00,2026-04-06T21:35:00+03:00
Kyiv,2026-04-06T21:22:00+03:00,2026-04-06T22:57:00+03:00
Kyiv,2026-04-06T23:53:00+03:00,2026-04-07T01:29:00+03:00
Kyiv,2026-04-07T00:19:00+03:00,2026-04-07T00:54:00+03:00
Kyiv,2026-04-07T01:22:00+03:00,2026-04-07T02:53:00+03:00
Kyiv,2026-04-07T02:52:00+03:00,2026-04-07T03:31:00+03:00
Kyiv,2026-04-07T03:32:00+03:00,2026-04-07T04:35:00+03:00
Kyiv,2026-04-07T18:14:00+03:00,2026-04-07T18:55:00+03:00
Kyiv,2026-04-07T22:29:00+03:00,2026-04-07T23:51:00+03:00
Kyiv,2026-04-07T23:09:00+03:00,2026-04-07T23:59:00+03:00
Kyiv,2026-04-08T00:50:00+03:00,2026-04-08T02:10:00+03:00
Kyiv,2026-04-08T01:40:00+03:00,2026-04-08T03:07:00+03:00
Kyiv,2026-04-08T02:40:00+03:00,2026-04-08T03:58:00+03:00
Kyiv,2026-04-08T03:57:00+03:00,2026-04-08T05:41:00+03:00
Kyiv,2026-04-08T10:53:00+03:00,2026-04-08T12:37:00+03:00
Kyiv,2026-04-08T20:08:00+03:00,2026-04-08T20:42:00+03:00
Kyiv,2026-04-09T00:36:00+03:00,2026-04-09T01:06:00+03:00
Kyiv,2026-04-09T02:32:00+03:00,2026-04-09T04:27:00+03:00
Kyiv,2026-04-09T03:37:00+03:00,2026-04-09T05:06:00+03:00
Kyiv,2026-04-09T23:31:00+03:00,2026-04-10T01:28:00+03:00
Kyiv,2026-04-10T07:04:00+03:00,2026-04-10T08:25:00+03:00
Kyiv,2026-04-10T20:20:00+03:00,2026-04-10T21:04:00+03:00
Kyiv,2026-04-10T21:29:00+03:00,2026-04-10T22:23:00+03:00
Kyiv,2026-04-11T02:21:00+03:00,2026-04-11T03:59:00+03:00
Kyiv,2026-04-11T20:17:00+03:00,2026-04-11T21:07:00+03:00
Kyiv,2026-04-11T23:14:00+03:00,2026-04-12T00:24:00+03:00
Kyiv,2026-04-12T02:23:00+03:00,2026-04-12T04:16:00+03:00
Kyiv,2026-04-12T05:34:00+03:00,2026-04-12T06:14:00+03:00
Kyiv,2026-04-12T19:40:00+03:00,2026-04-12T20:22:00+03:00
Kyiv,2026-04-12T21:10:00+03:00,2026-04-12T21:43:00+03:00
Kyiv,2026-04-12T22:29:00+03:00,2026-04-12T23:37:00+03:00
Kyiv,2026-04-13T01:41:00+03:00,2026-04-13T03:31:00+03:00
Kyiv,2026-04-13T18:38:00+03:00,2026-04-13T20:26:00+03:00
Kyiv,2026-04-13T19:59:00+03:00,2026-04-13T21:17:00+03:00
Kyiv,2026-04-13T23:49:00+03:00,2026-04-14T01:00:00+03:00
Kyiv,2026-04-14T01:33:00+03:00,2026-04-14T02:22:00+03:00
Kyiv,2026-04-14T02:43:00+03:00,2026-04-14T03:54:00+03:00
Kyiv,2026-04-14T04:54:00+03:00,2026-04-14T06:11:00+03:00
Kyiv,2026-04-14T19:34:00+03:00,2026-04-14T20:16:00+03:00
Kyiv,2026-04-14T21:55:00+03:00,2026-04-14T23:04:00+03:00
Kyiv,2026-04-15T00:36:00+03:00,2026-04-15T01:52:00+03:00
Kyiv,2026-04-15T02:07:00+03:00,2026-04-15T03:26:00+03:00
Kyiv,2026-04-15T17:55:00+03:00,2026-04-15T18:42:00+03:00
Kyiv,2026-04-15T19:42:00+03:00,2026-04-15T21:23:00+03:00
Kyiv,2026-04-15T20:13:00+03:00,2026-04-15T21:57:00+03:00
Kyiv,2026-04-16T01:54:00+03:00,2026-04-16T03:17:00+03:00
Kyiv,2026-04-16T03:43:00+03:00,2026-04-16T05:42:00+03:00
Kyiv,2026-04-16T19:36:00+03:00,2026-04-16T21:00:00+03:00
Kyiv,2026-04-16T22:34:00+03:00,2026-04-17T00:01:00+03:00
Kyiv,2026-04-17T02:09:00+03:00,2026-04-17T04:04:00+03:00
Kyiv,2026-04-17T03:03:00+03:00,2026-04-17T03:47:00+03:00
Kyiv,2026-04-17T05:24:00+03:00,2026-04-17T06:25:00+03:00
Kyiv,2026-04-17T16:10:00+03:00,2026-04-17T17:23:00+03:00
Kyiv,2026-04-17T20:22:00+03:00,2026-04-17T21:34:00+03:00
Kyiv,2026-04-17T23:57:00+03:00,2026-04-18T00:55:00+03:00
Kyiv,2026-04-18T00:00:00+03:00,2026-04-18T01:19:00+03:00
Kyiv,2026-04-18T02:15:00+03:00,2026-04-18T03:42:00+03:00
Kyiv,2026-04-18T03:16:00+03:00,2026-04-18T04:01:00+03:00
Kyiv,2026-04-18T04:39:00+03:00,2026-04-18T06:28:00+03:00
Kyiv,2026-04-18T18:50:00+03:00,2026-04-18T20:21:00+03:00
Kyiv,2026-04-18T20:04:00+03:00,2026-04-18T20:42:00+03:00
Kyiv,2026-04-18T21:55:00+03:00,2026-04-18T23:44:00+03:00
Kyiv,2026-04-18T22:15:00+03:00,2026-04-18T23:51:00+03:00
Kyiv,2026-04-19T00:03:00+03:00,2026-04-19T00:36:00+03:00
Kyiv,2026-04-19T18:15:00+03:00,2026-04-19T19:03:00+03:00
Kyiv,2026-04-19T19:00:00+03:00,2026-04-19T19:52:00+03:00
Kyiv,2026-04-19T23:31:00+03:00,2026-04-20T01:17:00+03:00
Kyiv,2026-04-20T00:19:00+03:00,2026-04-20T01:08:00+03:00
Kyiv,2026-04-20T01:10:00+03:00,2026-04-20T02:23:00+03:00
Kyiv,2026-04-20T03:59:00+03:00,2026-04-20T05:25:00+03:00
Kyiv,2026-04-20T04:10:00+03:00,2026-04-20T05:21:00+03:00
Kyiv,2026-04-20T20:26:00+03:00,2026-04-20T21:42:00+03:00
Kyiv,2026-04-20T21:41:00+03:00,2026-04-20T23:17:00+03:00
Kyiv,2026-04-21T01:42:00+03:00,2026-04-21T03:17:00+03:00
Kyiv,2026-04-21T03:41:00+03:00,2026-04-21T04:19:00+03:00
Kyiv,2026-04-21T04:39:00+03:00,2026-04-21T05:18:00+03:00
Kyiv,2026-04-21T19:52:00+03:00,2026-04-21T21:03:00+03:00
Kyiv,2026-04-21T20:31:00+03:00,2026-04-21T21:39:00+03:00
Kyiv,2026-04-21T23:10:00+03:00,2026-04-22T00:45:00+03:00
Kyiv,2026-04-22T00:27:00+03:00,2026-04-22T01:49:00+03:00
Kyiv,2026-04-22T01:23:00+03:00,2026-04-22T02:51:00+03:00
Kyiv,2026-04-22T04:30:00+03:00,2026-04-22T05:56:00+03:00
Kyiv,2026-04-22T21:03:00+03:00,2026-04-22T22:54:00+03:00
Kyiv,2026-04-22T22:28:00+03:00,2026-04-23T00:22:00+03:00
Kyiv,2026-04-22T23:01:00+03:00,2026-04-23T00:56:00+03:00
Kyiv,2026-04-23T00:08:00+03:00,2026-04-23T00:52:00+03:00
Kyiv,2026-04-23T01:34:00+03:00,2026-04-23T02:31:00+03:00
Kyiv,2026-04-23T20:47:00+03:00,2026-04-23T22:43:00+03:00
Kyiv,2026-04-24T00:06:00+03:00,2026-04-24T01:27:00+03:00
Kyiv,2026-04-24T01:59:00+03:00,2026-04-24T03:58:00+03:00
Kyiv,2026-04-25T02:10:00+03:00,2026-04-25T03:08:00+03:00
Kyiv,2026-04-25T20:48:00+03:00,2026-04-25T22:43:00+03:00
Kyiv,2026-04-25T22:52:00+03:00,2026-04-25T23:33:00+03:00
Kyiv,2026-04-25T23:28:00+03:00,2026-04-26T00:03:00+03:00
Kyiv,2026-04-26T00:50:00+03:00,2026-04-26T02:21:00+03:00
Kyiv,2026-04-26T03:34:00+03:00,2026-04-26T05:34:00+03:00
Kyiv,2026-04-26T05:39:00+03:00,2026-04-26T07:38:00+03:00
Kyiv,2026-04-26T18:07:00+03:00,2026-04-26T19:33:00+03:00
Kyiv,2026-04-26T22:54:00+03:00,2026-04-27T00:27:00+03:00
Kyiv,2026-04-26T23:27:00+03:00,2026-04-27T01:14:00+03:00
Kyiv,2026-04-27T03:07:00+03:00,2026-04-27T04:23:00+03:00
Kyiv,2026-04-27T23:03:00+03:00,2026-04-27T23:53:00+03:00
Kyiv,2026-04-28T01:29:00+03:00,2026-04-28T03:24:00+03:00
Kyiv,2026-04-28T02:21:00+03:00,2026-04-28T03:43:00+03:00
Kyiv,2026-04-28T03:36:00+03:00,2026-04-28T05:14:00+03:00
Kyiv,2026-04-28T12:36:00+03:00,2026-04-28T14:35:00+03:00
Kyiv,2026-04-28T21:51:00+03:00,2026-04-28T22:30:00+03:00
Kyiv,2026-04-28T22:02:00+03:00,2026-04-28T23:03:00+03:00
Kyiv,2026-04-29T21:17:00+03:00,2026-04-29T22:32:00+03:00
Kyiv,2026-04-30T00:22:00+03:00,2026-04-30T02:01:00+03:00
Kyiv,2026-04-30T02:36:00+03:00,2026-04-30T03:36:00+03:00
Kyiv,2026-04-30T03:45:00+03:00,2026-04-30T05:18:00+03:00
Kyiv,2026-04-30T18:06:00+03:00,2026-04-30T19:09:00+03:00
Kyiv,2026-04-30T20:12:00+03:00,2026-04-30T20:53:00+03:00
Kyiv,2026-04-30T21:32:00+03:00,2026-04-30T22:56:00+03:00
Kyiv,2026-04-30T23:18:00+03:00,2026-04-30T23:48:00+03:00
Kyiv,2026-05-01T00:15:00+03:00,2026-05-01T01:37:00+03:00
Kyiv,2026-05-01T02:37:00+03:00,2026-05-01T03:38:00+03:00
Kyiv,2026-05-01T04:37:00+03:00,2026-05-01T05:14:00+03:00
Kyiv,2026-05-01T21:52:00+03:00,2026-05-01T23:31:00+03:00
Kyiv,2026-05-01T23:14:00+03:00,2026-05-02T00:02:00+03:00
Kyiv,2026-05-02T00:55:00+03:00,2026-05-02T01:41:00+03:00
Kyiv,2026-05-02T03:04:00+03:00,2026-05-02T04:41:00+03:00
Kyiv,2026-05-02T17:56:00+03:00,2026-05-02T18:50:00+03:00
Kyiv,2026-05-02T22:50:00+03:00,2026-05-03T00:22:00+03:00
Kyiv,2026-05-02T23:19:00+03:00,2026-05-03T00:32:00+03:00
Kyiv,2026-05-03T02:26:00+03:00,2026-05-03T03:18:00+03:00
Kyiv,2026-05-03T04:40:00+03:00,2026-05-03T06:20:00+03:00
Kyiv,2026-05-03T16:50:00+03:00,2026-05-03T17:48:00+03:00
Kyiv,2026-05-03T19:09:00+03:00,2026-05-03T20:45:00+03:00
Kyiv,2026-05-03T21:25:00+03:00,2026-05-03T22:32:00+03:00
Kyiv,2026-05-03T22:26:00+03:00,2026-05-03T23:26:00+03:00
Kyiv,2026-05-03T23:03:00+03:00,2026-05-04T00:01:00+03:00
Kyiv,2026-05-04T01:41:00+03:00,2026-05-04T03:31:00+03:00
Kyiv,2026-05-04T03:47:00+03:00,2026-05-04T04:55:00+03:00
Kyiv,2026-05-04T17:24:00+03:00,2026-05-04T19:14:00+03:00
Kyiv,2026-05-04T19:28:00+03:00,2026-05-04T20:54:00+03:00
Kyiv,2026-05-04T20:17:00+03:00,2026-05-04T22:05:00+03:00
Kyiv,2026-05-04T21:44:00+03:00,2026-05-04T22:53:00+03:00
Kyiv,2026-05-04T23:58:00+03:00,2026-05-05T01:10:00+03:00
Kyiv,2026-05-05T00:10:00+03:00,2026-05-05T00:46:00+03:00
Kyiv,2026-05-05T03:17:00+03:00,2026-05-05T04:15:00+03:00
Kyiv,2026-05-05T20:45:00+03:00,2026-05-05T21:30:00+03:00
Kyiv,2026-05-05T22:38:00+03:00,2026-05-06T00:25:00+03:00
Kyiv,2026-05-05T23:30:00+03:00,2026-05-06T00:11:00+03:00
Kyiv,2026-05-06T01:19:00+03:00,2026-05-06T02:50:00+03:00
Kyiv,2026-05-06T03:58:00+03:00,2026-05-06T05:36:00+03:00
Kyiv,2026-05-06T18:12:00+03:00,2026-05-06T18:45:00+03:00
Kyiv,2026-05-06T20:48:00+03:00,2026-05-06T22:48:00+03:00
Kyiv,2026-05-06T22:07:00+03:00,2026-05-06T23:17:00+03:00
Kyiv,2026-05-07T03:47:00+03:00,2026-05-07T04:36:00+03:00
Kyiv,2026-05-07T04:25:00+03:00,2026-05-07T05:08:00+03:00
Kyiv,2026-05-07T19:42:00+03:00,2026-05-07T20:53:00+03:00
Kyiv,2026-05-07T21:18:00+03:00,2026-05-07T22:57:00+03:00
Kyiv,2026-05-07T23:45:00+03:00,2026-05-08T00:29:00+03:00
Kyiv,2026-05-08T03:17:00+03:00,2026-05-08T04:03:00+03:00
Kyiv,2026-05-08T17:40:00+03:00,2026-05-08T19:29:00+03:00
Kyiv,2026-05-08T22:37:00+03:00,2026-05-08T23:36:00+03:00
Kyiv,2026-05-08T23:23:00+03:00,2026-05-09T00:46:00+03:00
Kyiv,2026-05-09T00:24:00+03:00,2026-05-09T01:53:00+03:00
Kyiv,2026-05-09T01:14:00+03:00,2026-05-09T03:14:00+03:00
Kyiv,2026-05-09T02:32:00+03:00,2026-05-09T03:17:00+03:00
Kyiv,2026-05-09T03:28:00+03:00,2026-05-09T04:47:00+03:00
Kyiv,2026-05-09T19:41:00+03:00,2026-05-09T21:33:00+03:00
Kyiv,2026-05-09T21:18:00+03:00,2026-05-09T23:05:00+03:00
Kyiv,2026-05-09T23:50:00+03:00,2026-05-10T00:35:00+03:00
Kyiv,2026-05-10T01:20:00+03:00,2026-05-10T02:35:00+03:00
Kyiv,2026-05-10T03:25:00+03:00,2026-05-10T04:37:00+03:00
Kyiv,2026-05-10T20:04:00+03:00,2026-05-10T21:25:00+03:00
Kyiv,2026-05-10T21:03:00+03:00,2026-05-10T22:07:00+03:00
Kyiv,2026-05-10T22:43:00+03:00,2026-05-11T00:39:00+03:00
Kyiv,2026-05-10T23:23:00+03:00,2026-05-11T01:17:00+03:00
Kyiv,2026-05-11T00:52:00+03:00,2026-05-11T02:46:00+03:00
Kyiv,2026-05-11T01:11:00+03:00,2026-05-11T01:44:00+03:00
Kyiv,2026-05-11T02:01:00+03:00,2026-05-11T02:31:00+03:00
Kyiv,2026-05-11T06:46:00+03:00,2026-05-11T08:05:00+03:00
Kyiv,2026-05-11T16:58:00+03:00,2026-05-11T18:24:00+03:00
Kyiv,2026-05-11T19:40:00+03:00,2026-05-11T20:45:00+03:00
Kyiv,2026-05-11T21:57:00+03:00,2026-05-11T23:33:00+03:00
Kyiv,2026-05-11T22:40:00+03:00,2026-05-11T23:45:00+03:00
Kyiv,2026-05-12T00:38:00+03:00,2026-05-12T02:04:00+03:00
Kyiv,2026-05-12T03:44:00+03:00,2026-05-12T04:56:00+03:00
Kyiv,2026-05-12T05:27:00+03:00,2026-05-12T06:05:00+03:00
Kyiv,2026-05-12T07:43:00+03:00,2026-05-12T09:36:00+03:00
Kyiv,2026-05-12T18:02:00+03:00,2026-05-12T18:54:00+03:00
Kyiv,2026-05-12T22:42:00+03:00,2026-05-13T00:22:00+03:00
Kyiv,2026-05-12T23:22:00+03:00,2026-05-13T00:24:00+03:00
Kyiv,2026-05-13T03:52:00+03:00,2026-05-13T05:12:00+03:00
Kyiv,2026-05-13T04:41:00+03:00,2026-05-13T05:22:00+03:00
Kyiv,2026-05-13T21:25:00+03:00,2026-05-13T23:20:00+03:00
Kyiv,2026-05-13T23:47:00+03:00,2026-05-14T00:41:00+03:00
Kyiv,2026-05-14T00:54:00+03:00,2026-05-14T01:55:00+03:00
Kyiv,2026-05-14T01:38:00+03:00,2026-05-14T02:49:00+03:00
Kyiv,2026-05-14T02:15:00+03:00,2026-05-14T03:33:00+03:00
Kyiv,2026-05-14T22:39:00+03:00,2026-05-15T00:35:00+03:00
Kyiv,2026-05-14T23:47:00+03:00,2026-05-15T00:36:00+03:00
Kyiv,2026-05-15T00:21:00+03:00,2026-05-15T01:06:00+03:00
Kyiv,2026-05-15T05:31:00+03:00,2026-05-15T06:38:00+03:00
Kyiv,2026-05-15T20:42:00+03:00,2026-05-15T22:13:00+03:00
Kyiv,2026-05-15T21:38:00+03:00,2026-05-15T22:53:00+03:00
Kyiv,2026-05-15T22:31:00+03:00,2026-05-15T23:21:00+03:00
Kyiv,2026-05-16T03:21:00+03:00,2026-05-16T05:09:00+03:00
Kyiv,2026-05-16T04:01:00+03:00,2026-05-16T05:48:00+03:00
Kyiv,2026-05-16T20:35:00+03:00,2026-05-16T21:26:00+03:00
Kyiv,2026-05-16T21:03:00+03:00,2026-05-16T22:32:00+03:00
Kyiv,2026-05-16T22:58:00+03:00,2026-05-17T00:23:00+03:00
Kyiv,2026-05-16T23:31:00+03:00,2026-05-17T00:58:00+03:00
Kyiv,2026-05-17T02:35:00+03:00,2026-05-17T03:46:00+03:00
Kyiv,2026-05-17T05:55:00+03:00,2026-05-17T07:38:00+03:00
Kyiv,2026-05-17T17:35:00+03:00,2026-05-17T18:28:00+03:00
Kyiv,2026-05-17T22:23:00+03:00,2026-05-17T23:34:00+03:00
Kyiv,2026-05-18T00:19:00+03:00,2026-05-18T02:17:00+03:00
Kyiv,2026-05-18T01:54:00+03:00,2026-05-18T03:13:00+03:00
Kyiv,2026-05-18T20:57:00+03:00,2026-05-18T21:35:00+03:00
Kyiv,2026-05-18T22:40:00+03:00,2026-05-18T23:21:00+03:00
Kyiv,2026-05-19T01:54:00+03:00,2026-05-19T02:38:00+03:00
Kyiv,2026-05-19T03:29:00+03:00,2026-05-19T04:10:00+03:00
Kyiv,2026-05-19T04:53:00+03:00,2026-05-19T05:28:00+03:00
Kyiv,2026-05-19T05:28:00+03:00,2026-05-19T07:15:00+03:00
Kyiv,2026-05-19T20:40:00+03:00,2026-05-19T21:32:00+03:00
Kyiv,2026-05-19T23:19:00+03:00,2026-05-20T00:30:00+03:00
Kyiv,2026-05-20T00:38:00+03:00,2026-05-20T02:23:00+03:00
Kyiv,2026-05-20T01:30:00+03:00,2026-05-20T02:37:00+03:00
Kyiv,2026-05-20T19:11:00+03:00,2026-05-20T20:29:00+03:00
Kyiv,2026-05-21T02:46:00+03:00,2026-05-21T03:37:00+03:00
Kyiv,2026-05-21T03:08:00+03:00,2026-05-21T04:29:00+03:00
Kyiv,2026-05-21T04:59:00+03:00,2026-05-21T06:43:00+03:00
Kyiv,2026-05-21T07:02:00+03:00,2026-05-21T08:45:00+03:00
Kyiv,2026-05-21T20:59:00+03:00,2026-05-21T22:47:00+03:00
Kyiv,2026-05-22T01:52:00+03:00,2026-05-22T02:46:00+03:00
Kyiv,2026-05-22T04:49:00+03:00,2026-05-22T05:56:00+03:00
Kyiv,2026-05-22T06:47:00+03:00,2026-05-22T07:32:00+03:00
Kyiv,2026-05-22T17:25:00+03:00,2026-05-22T19:11:00+03:00
Kyiv,2026-05-22T18:14:00+03:00,2026-05-22T19:17:00+03:00
Kyiv,2026-05-22T22:56:00+03:00,2026-05-23T00:14:00+03:00
Kyiv,2026-05-22T23:27:00+03:00,2026-05-23T01:22:00+03:00
Kyiv,2026-05-23T00:37:00+03:00,2026-05-23T01:15:00+03:00
Kyiv,2026-05-23T01:38:00+03:00,2026-05-23T02:28:00+03:00
Kyiv,2026-05-23T04:29:00+03:00,2026-05-23T05:06:00+03:00
Kyiv,2026-05-23T14:10:00+03:00,2026-05-23T14:43:00+03:00
Kyiv,2026-05-23T19:42:00+03:00,2026-05-23T21:19:00+03:00
Kyiv,2026-05-23T21:15:00+03:00,2026-05-23T21:56:00+03:00
Kyiv,2026-05-23T23:44:00+03:00,2026-05-24T01:44:00+03:00
Kyiv,2026-05-24T01:19:00+03:00,2026-05-24T02:31:00+03:00
Kyiv,2026-05-24T02:36:00+03:00,2026-05-24T03:14:00+03:00
Kyiv,2026-05-24T04:21:00+03:00,2026-05-24T05:40:00+03:00
Kyiv,2026-05-24T19:04:00+03:00,2026-05-24T20:36:00+03:00
Kyiv,2026-05-24T21:09:00+03:00,2026-05-24T22:17:00+03:00
Kyiv,2026-05-24T22:14:00+03:00,2026-05-24T23:17:00+03:00
Kyiv,2026-05-24T23:39:00+03:00,2026-05-25T01:27:00+03:00
Kyiv,2026-05-25T01:32:00+03:00,2026-05-25T02:30:00+03:00
Kyiv,2026-05-25T03:55:00+03:00,2026-05-25T05:39:00+03:00
Kyiv,2026-05-25T22:28:00+03:00,2026-05-26T00:17:00+03:00
Kyiv,2026-05-26T01:18:00+03:00,2026-05-26T02:29:00+03:00
Kyiv,2026-05-26T03:45:00+03:00,2026-05-26T05:23:00+03:00
Kyiv,2026-05-26T12:21:00+03:00,2026-05-26T14:19:00+03:00
Kyiv,2026-05-26T22:37:00+03:00,2026-05-26T23:28:00+03:00
Kyiv,2026-05-26T23:37:00+03:00,2026-05-27T00:49:00+03:00
Kyiv,2026-05-27T00:17:00+03:00,2026-05-27T00:54:00+03:00
Kyiv,2026-05-27T01:35:00+03:00,2026-05-27T02:12:00+03:00
Kyiv,2026-05-27T02:17:00+03:00,2026-05-27T02:47:00+03:00
Kyiv,2026-05-27T18:50:00+03:00,2026-05-27T20:03:00+03:00
Kyiv,2026-05-27T20:31:00+03:00,2026-05-27T21:30:00+03:00
Kyiv,2026-05-27T21:36:00+03:00,2026-05-27T23:02:00+03:00
Kyiv,2026-05-27T22:24:00+03:00,2026-05-28T00:19:00+03:00
Kyiv,2026-05-27T23:01:00+03:00,2026-05-27T23:41:00+03:00
Kyiv,2026-05-28T00:06:00+03:00,2026-05-28T01:14:00+03:00
Kyiv,2026-05-28T19:04:00+03:00,2026-05-28T20:07:00+03:00
Kyiv,2026-05-28T20:07:00+03:00,2026-05-28T21:42:00+03:00
Kyiv,2026-05-28T21:53:00+03:00,2026-05-28T23:19:00+03:00
Kyiv,2026-05-28T22:02:00+03:00,2026-05-28T23:05:00+03:00
Kyiv,2026-05-28T23:44:00+03:00,2026-05-29T01:25:00+03:00
Kyiv,2026-05-29T01:00:00+03:00,2026-05-29T01:53:00+03:00
Kyiv,2026-05-29T03:08:00+03:00,2026-05-29T03:48:00+03:00
Kyiv,2026-05-29T04:20:00+03:00,2026-05-29T05:36:00+03:00
Kyiv,2026-05-29T05:41:00+03:00,2026-05-29T07:24:00+03:00
Kyiv,2026-05-29T22:44:00+03:00,2026-05-29T23:32:00+03:00
Kyiv,2026-05-30T00:38:00+03:00,2026-05-30T02:28:00+03:00
Kyiv,2026-05-30T01:17:00+03:00,2026-05-30T02:11:00+03:00
Kyiv,2026-05-30T02:37:00+03:00,2026-05-30T04:25:00+03:00
Kyiv,2026-05-30T03:45:00+03:00,2026-05-30T05:40:00+03:00
Kyiv,2026-05-30T23:29:00+03:00,2026-05-31T01:28:00+03:00
Kyiv,2026-05-31T00:30:00+03:00,2026-05-31T01:13:00+03:00
Kyiv,2026-05-31T01:04:00+03:00,2026-05-31T01:46:00+03:00
Kyiv,2026-05-31T02:31:00+03:00,2026-05-31T03:49:00+03:00
Kyiv,2026-05-31T19:46:00+03:00,2026-05-31T21:29:00+03:00
Kyiv,2026-05-31T20:29:00+03:00,2026-05-31T21:21:00+03:00
Kyiv,2026-05-31T21:20:00+03:00,2026-05-31T22:59:00+03:00
Lviv,2026-04-06T22:50:00+03:00,2026-04-07T00:50:00+03:00
Lviv,2026-04-07T02:16:00+03:00,2026-04-07T04:11:00+03:00
Lviv,2026-04-07T20:29:00+03:00,2026-04-07T22:19:00+03:00
Lviv,2026-04-07T23:50:00+03:00,2026-04-08T01:23:00+03:00
Lviv,2026-04-08T02:01:00+03:00,2026-04-08T02:51:00+03:00
Lviv,2026-04-08T04:41:00+03:00,2026-04-08T06:29:00+03:00
Lviv,2026-04-09T21:12:00+03:00,2026-04-09T21:54:00+03:00
Lviv,2026-04-09T22:09:00+03:00,2026-04-09T23:56:00+03:00
Lviv,2026-04-10T22:55:00+03:00,2026-04-11T00:52:00+03:00
Lviv,2026-04-16T01:30:00+03:00,2026-04-16T03:25:00+03:00
Lviv,2026-04-16T19:28:00+03:00,2026-04-16T20:05:00+03:00
Lviv,2026-04-17T03:53:00+03:00,2026-04-17T04:44:00+03:00
Lviv,2026-04-17T04:50:00+03:00,2026-04-17T05:48:00+03:00
Lviv,2026-04-17T21:29:00+03:00,2026-04-17T22:23:00+03:00
Lviv,2026-04-17T23:46:00+03:00,2026-04-18T01:06:00+03:00
Lviv,2026-04-18T01:55:00+03:00,2026-04-18T03:03:00+03:00
Lviv,2026-04-18T08:18:00+03:00,2026-04-18T09:30:00+03:00
Lviv,2026-04-18T20:04:00+03:00,2026-04-18T21:39:00+03:00
Lviv,2026-04-19T00:06:00+03:00,2026-04-19T00:42:00+03:00
Lviv,2026-04-20T22:18:00+03:00,2026-04-20T22:50:00+03:00
Lviv,2026-04-22T21:28:00+03:00,2026-04-22T23:20:00+03:00
Lviv,2026-04-24T04:27:00+03:00,2026-04-24T05:50:00+03:00
Lviv,2026-04-27T21:51:00+03:00,2026-04-27T22:21:00+03:00
Lviv,2026-04-28T03:49:00+03:00,2026-04-28T05:20:00+03:00
Lviv,2026-05-01T19:02:00+03:00,2026-05-01T19:49:00+03:00
Lviv,2026-05-02T19:23:00+03:00,2026-05-02T20:40:00+03:00
Lviv,2026-05-03T21:31:00+03:00,2026-05-03T22:39:00+03:00
Lviv,2026-05-04T03:47:00+03:00,2026-05-04T04:39:00+03:00
Lviv,2026-05-04T21:02:00+03:00,2026-05-04T22:02:00+03:00
Lviv,2026-05-05T14:16:00+03:00,2026-05-05T15:47:00+03:00
Lviv,2026-05-05T22:26:00+03:00,2026-05-05T23:07:00+03:00
Lviv,2026-05-05T23:36:00+03:00,2026-05-06T00:12:00+03:00
Lviv,2026-05-07T00:28:00+03:00,2026-05-07T02:16:00+03:00
Lviv,2026-05-07T02:14:00+03:00,2026-05-07T03:42:00+03:00
Lviv,2026-05-07T19:48:00+03:00,2026-05-07T21:42:00+03:00
Lviv,2026-05-09T03:04:00+03:00,2026-05-09T04:24:00+03:00
Lviv,2026-05-10T20:19:00+03:00,2026-05-10T21:03:00+03:00
Lviv,2026-05-12T18:37:00+03:00,2026-05-12T19:21:00+03:00
Lviv,2026-05-13T02:41:00+03:00,2026-05-13T03:59:00+03:00
Lviv,2026-05-13T04:57:00+03:00,2026-05-13T06:50:00+03:00
Lviv,2026-05-13T18:48:00+03:00,2026-05-13T20:42:00+03:00
Lviv,2026-05-13T23:41:00+03:00,2026-05-14T01:17:00+03:00
Lviv,2026-05-14T21:56:00+03:00,2026-05-14T23:25:00+03:00
Lviv,2026-05-15T02:09:00+03:00,2026-05-15T03:14:00+03:00
Lviv,2026-05-15T21:03:00+03:00,2026-05-15T22:15:00+03:00
Lviv,2026-05-16T01:39:00+03:00,2026-05-16T03:24:00+03:00
Lviv,2026-05-18T05:26:00+03:00,2026-05-18T06:52:00+03:00
Lviv,2026-05-20T04:03:00+03:00,2026-05-20T05:56:00+03:00
Lviv,2026-05-21T18:24:00+03:00,2026-05-21T19:54:00+03:00
Lviv,2026-05-24T02:07:00+03:00,2026-05-24T03:39:00+03:00
Lviv,2026-05-25T00:22:00+03:00,2026-05-25T01:13:00+03:00
Lviv,2026-05-27T00:15:00+03:00,2026-05-27T01:20:00+03:00
Lviv,2026-05-28T04:33:00+03:00,2026-05-28T05:40:00+03:00
Lviv,2026-05-28T17:45:00+03:00,2026-05-28T18:35:00+03:00
Lviv,2026-05-29T16:40:00+03:00,2026-05-29T17:42:00+03:00
Lviv,2026-05-30T01:04:00+03:00,2026-05-30T02:34:00+03:00
Lviv,2026-05-30T07:39:00+03:00,2026-05-30T08:24:00+03:00
Lviv,2026-05-30T18:27:00+03:00,2026-05-30T19:39:00+03:00
Lviv,2026-05-31T01:31:00+03:00,2026-05-31T02:07:00+03:00
Lviv,2026-05-31T16:25:00+03:00,2026-05-31T17:32:00+03:00
Odesa,2026-04-06T20:34:00+03:00,2026-04-06T21:49:00+03:00
Odesa,2026-04-07T00:12:00+03:00,2026-04-07T01:44:00+03:00
Odesa,2026-04-07T01:29:00+03:00,2026-04-07T02:45:00+03:00
Odesa,2026-04-07T03:47:00+03:00,2026-04-07T04:30:00+03:00
Odesa,2026-04-07T18:51:00+03:00,2026-04-07T20:45:00+03:00
Odesa,2026-04-07T23:30:00+03:00,2026-04-08T00:34:00+03:00
Odesa,2026-04-08T00:28:00+03:00,2026-04-08T01:57:00+03:00
Odesa,2026-04-08T01:08:00+03:00,2026-04-08T02:55:00+03:00
Odesa,2026-04-08T02:17:00+03:00,2026-04-08T03:48:00+03:00
Odesa,2026-04-08T03:58:00+03:00,2026-04-08T05:09:00+03:00
Odesa,2026-04-08T18:03:00+03:00,2026-04-08T18:38:00+03:00
Odesa,2026-04-08T19:26:00+03:00,2026-04-08T20:27:00+03:00
Odesa,2026-04-08T22:37:00+03:00,2026-04-09T00:12:00+03:00
Odesa,2026-04-09T01:18:00+03:00,2026-04-09T02:37:00+03:00
Odesa,2026-04-09T03:28:00+03:00,2026-04-09T04:25:00+03:00
Odesa,2026-04-09T18:06:00+03:00,2026-04-09T20:05:00+03:00
Odesa,2026-04-09T20:32:00+03:00,2026-04-09T21:27:00+03:00
Odesa,2026-04-09T21:18:00+03:00,2026-04-09T22:20:00+03:00
Odesa,2026-04-10T00:07:00+03:00,2026-04-10T01:06:00+03:00
Odesa,2026-04-10T03:11:00+03:00,2026-04-10T04:19:00+03:00
Odesa,2026-04-10T15:07:00+03:00,2026-04-10T16:29:00+03:00
Odesa,2026-04-10T17:37:00+03:00,2026-04-10T19:22:00+03:00
Odesa,2026-04-10T20:03:00+03:00,2026-04-10T21:38:00+03:00
Odesa,2026-04-10T21:39:00+03:00,2026-04-10T22:15:00+03:00
Odesa,2026-04-10T22:37:00+03:00,2026-04-11T00:26:00+03:00
Odesa,2026-04-10T23:28:00+03:00,2026-04-11T01:11:00+03:00
Odesa,2026-04-11T00:39:00+03:00,2026-04-11T02:14:00+03:00
Odesa,2026-04-11T01:16:00+03:00,2026-04-11T01:53:00+03:00
Odesa,2026-04-11T04:17:00+03:00,2026-04-11T05:15:00+03:00
Odesa,2026-04-11T05:47:00+03:00,2026-04-11T06:20:00+03:00
Odesa,2026-04-11T19:59:00+03:00,2026-04-11T21:58:00+03:00
Odesa,2026-04-11T22:54:00+03:00,2026-04-11T23:53:00+03:00
Odesa,2026-04-11T23:59:00+03:00,2026-04-12T01:33:00+03:00
Odesa,2026-04-12T04:08:00+03:00,2026-04-12T04:40:00+03:00
Odesa,2026-04-12T21:04:00+03:00,2026-04-12T21:55:00+03:00
Odesa,2026-04-12T22:07:00+03:00,2026-04-12T23:19:00+03:00
Odesa,2026-04-12T23:47:00+03:00,2026-04-13T01:42:00+03:00
Odesa,2026-04-13T00:26:00+03:00,2026-04-13T01:32:00+03:00
Odesa,2026-04-13T01:44:00+03:00,2026-04-13T02:35:00+03:00
Odesa,2026-04-13T02:01:00+03:00,2026-04-13T04:01:00+03:00
Odesa,2026-04-13T21:30:00+03:00,2026-04-13T22:17:00+03:00
Odesa,2026-04-13T22:08:00+03:00,2026-04-13T23:32:00+03:00
Odesa,2026-04-13T23:26:00+03:00,2026-04-14T00:00:00+03:00
Odesa,2026-04-14T03:22:00+03:00,2026-04-14T03:58:00+03:00
Odesa,2026-04-14T11:32:00+03:00,2026-04-14T12:52:00+03:00
Odesa,2026-04-14T20:13:00+03:00,2026-04-14T20:59:00+03:00
Odesa,2026-04-14T23:14:00+03:00,2026-04-14T23:58:00+03:00
Odesa,2026-04-15T00:47:00+03:00,2026-04-15T02:18:00+03:00
Odesa,2026-04-15T01:30:00+03:00,2026-04-15T02:10:00+03:00
Odesa,2026-04-15T02:36:00+03:00,2026-04-15T04:11:00+03:00
Odesa,2026-04-15T10:57:00+03:00,2026-04-15T12:12:00+03:00
Odesa,2026-04-15T22:13:00+03:00,2026-04-15T22:51:00+03:00
Odesa,2026-04-16T00:08:00+03:00,2026-04-16T01:16:00+03:00
Odesa,2026-04-16T01:46:00+03:00,2026-04-16T02:56:00+03:00
Odesa,2026-04-16T02:15:00+03:00,2026-04-16T03:34:00+03:00
Odesa,2026-04-16T03:11:00+03:00,2026-04-16T04:56:00+03:00
Odesa,2026-04-16T18:52:00+03:00,2026-04-16T20:03:00+03:00
Odesa,2026-04-16T20:12:00+03:00,2026-04-16T21:45:00+03:00
Odesa,2026-04-16T22:42:00+03:00,2026-04-16T23:12:00+03:00
Odesa,2026-04-16T23:32:00+03:00,2026-04-17T01:04:00+03:00
Odesa,2026-04-17T21:37:00+03:00,2026-04-17T22:14:00+03:00
Odesa,2026-04-18T00:39:00+03:00,2026-04-18T02:36:00+03:00
Odesa,2026-04-18T04:35:00+03:00,2026-04-18T05:15:00+03:00
Odesa,2026-04-19T01:46:00+03:00,2026-04-19T02:50:00+03:00
Odesa,2026-04-19T04:07:00+03:00,2026-04-19T05:45:00+03:00
Odesa,2026-04-19T20:22:00+03:00,2026-04-19T21:21:00+03:00
Odesa,2026-04-19T23:26:00+03:00,2026-04-20T00:54:00+03:00
Odesa,2026-04-20T01:32:00+03:00,2026-04-20T03:13:00+03:00
Odesa,2026-04-20T02:22:00+03:00,2026-04-20T03:28:00+03:00
Odesa,2026-04-20T19:22:00+03:00,2026-04-20T20:58:00+03:00
Odesa,2026-04-20T20:06:00+03:00,2026-04-20T21:01:00+03:00
Odesa,2026-04-20T21:57:00+03:00,2026-04-20T23:36:00+03:00
Odesa,2026-04-20T22:37:00+03:00,2026-04-21T00:17:00+03:00
Odesa,2026-04-21T21:37:00+03:00,2026-04-21T23:24:00+03:00
Odesa,2026-04-21T23:04:00+03:00,2026-04-22T00:09:00+03:00
Odesa,2026-04-22T01:28:00+03:00,2026-04-22T03:26:00+03:00
Odesa,2026-04-22T03:16:00+03:00,2026-04-22T04:32:00+03:00
Odesa,2026-04-22T18:00:00+03:00,2026-04-22T19:45:00+03:00
Odesa,2026-04-22T19:01:00+03:00,2026-04-22T20:43:00+03:00
Odesa,2026-04-22T21:36:00+03:00,2026-04-22T23:08:00+03:00
Odesa,2026-04-22T22:43:00+03:00,2026-04-23T00:07:00+03:00
Odesa,2026-04-22T23:26:00+03:00,2026-04-23T01:12:00+03:00
Odesa,2026-04-23T02:49:00+03:00,2026-04-23T03:37:00+03:00
Odesa,2026-04-23T05:19:00+03:00,2026-04-23T06:08:00+03:00
Odesa,2026-04-23T23:24:00+03:00,2026-04-24T00:46:00+03:00
Odesa,2026-04-24T00:35:00+03:00,2026-04-24T01:22:00+03:00
Odesa,2026-04-24T02:09:00+03:00,2026-04-24T03:11:00+03:00
Odesa,2026-04-24T18:43:00+03:00,2026-04-24T19:41:00+03:00
Odesa,2026-04-24T22:58:00+03:00,2026-04-24T23:44:00+03:00
Odesa,2026-04-24T23:01:00+03:00,2026-04-25T00:23:00+03:00
Odesa,2026-04-25T01:28:00+03:00,2026-04-25T03:27:00+03:00
Odesa,2026-04-25T04:46:00+03:00,2026-04-25T05:22:00+03:00
Odesa,2026-04-26T00:02:00+03:00,2026-04-26T00:34:00+03:00
Odesa,2026-04-26T02:30:00+03:00,2026-04-26T04:22:00+03:00
Odesa,2026-04-26T04:39:00+03:00,2026-04-26T06:18:00+03:00
Odesa,2026-04-26T21:51:00+03:00,2026-04-26T22:55:00+03:00
Odesa,2026-04-27T02:36:00+03:00,2026-04-27T03:30:00+03:00
Odesa,2026-04-27T03:26:00+03:00,2026-04-27T04:45:00+03:00
Odesa,2026-04-27T05:56:00+03:00,2026-04-27T07:04:00+03:00
Odesa,2026-04-27T06:22:00+03:00,2026-04-27T07:34:00+03:00
Odesa,2026-04-27T21:34:00+03:00,2026-04-27T23:18:00+03:00
Odesa,2026-04-27T22:46:00+03:00,2026-04-27T23:43:00+03:00
Odesa,2026-04-27T23:14:00+03:00,2026-04-27T23:52:00+03:00
Odesa,2026-04-28T01:56:00+03:00,2026-04-28T03:19:00+03:00
Odesa,2026-04-28T19:09:00+03:00,2026-04-28T19:55:00+03:00
Odesa,2026-04-28T21:21:00+03:00,2026-04-28T22:26:00+03:00
Odesa,2026-04-28T22:29:00+03:00,2026-04-28T23:36:00+03:00
Odesa,2026-04-28T23:48:00+03:00,2026-04-29T00:25:00+03:00
Odesa,2026-04-29T00:47:00+03:00,2026-04-29T01:46:00+03:00
Odesa,2026-04-29T02:40:00+03:00,2026-04-29T03:49:00+03:00
Odesa,2026-04-29T03:47:00+03:00,2026-04-29T05:34:00+03:00
Odesa,2026-04-29T17:59:00+03:00,2026-04-29T19:07:00+03:00
Odesa,2026-04-29T19:53:00+03:00,2026-04-29T20:46:00+03:00
Odesa,2026-04-29T21:07:00+03:00,2026-04-29T23:06:00+03:00
Odesa,2026-04-30T00:17:00+03:00,2026-04-30T01:43:00+03:00
Odesa,2026-04-30T03:16:00+03:00,2026-04-30T04:16:00+03:00
Odesa,2026-04-30T19:02:00+03:00,2026-04-30T20:17:00+03:00
Odesa,2026-04-30T22:06:00+03:00,2026-04-30T23:47:00+03:00
Odesa,2026-05-01T01:20:00+03:00,2026-05-01T03:17:00+03:00
Odesa,2026-05-02T00:57:00+03:00,2026-05-02T01:44:00+03:00
Odesa,2026-05-02T01:13:00+03:00,2026-05-02T02:23:00+03:00
Odesa,2026-05-02T16:46:00+03:00,2026-05-02T18:45:00+03:00
Odesa,2026-05-02T18:54:00+03:00,2026-05-02T19:41:00+03:00
Odesa,2026-05-02T19:39:00+03:00,2026-05-02T21:26:00+03:00
Odesa,2026-05-02T20:00:00+03:00,2026-05-02T21:23:00+03:00
Odesa,2026-05-02T22:42:00+03:00,2026-05-02T23:50:00+03:00
Odesa,2026-05-02T23:02:00+03:00,2026-05-03T00:35:00+03:00
Odesa,2026-05-03T01:32:00+03:00,2026-05-03T02:10:00+03:00
Odesa,2026-05-03T03:18:00+03:00,2026-05-03T05:15:00+03:00
Odesa,2026-05-03T15:18:00+03:00,2026-05-03T15:54:00+03:00
Odesa,2026-05-03T20:41:00+03:00,2026-05-03T22:10:00+03:00
Odesa,2026-05-03T22:56:00+03:00,2026-05-04T00:44:00+03:00
Odesa,2026-05-04T00:22:00+03:00,2026-05-04T02:17:00+03:00
Odesa,2026-05-04T03:44:00+03:00,2026-05-04T04:55:00+03:00
Odesa,2026-05-04T19:00:00+03:00,2026-05-04T20:32:00+03:00
Odesa,2026-05-04T22:13:00+03:00,2026-05-04T23:33:00+03:00
Odesa,2026-05-04T23:48:00+03:00,2026-05-05T01:43:00+03:00
Odesa,2026-05-05T00:47:00+03:00,2026-05-05T01:31:00+03:00
Odesa,2026-05-05T20:08:00+03:00,2026-05-05T21:38:00+03:00
Odesa,2026-05-05T21:04:00+03:00,2026-05-05T21:50:00+03:00
Odesa,2026-05-05T22:30:00+03:00,2026-05-05T23:37:00+03:00
Odesa,2026-05-05T23:36:00+03:00,2026-05-06T00:35:00+03:00
Odesa,2026-05-06T02:46:00+03:00,2026-05-06T04:33:00+03:00
Odesa,2026-05-06T03:27:00+03:00,2026-05-06T04:56:00+03:00
Odesa,2026-05-06T19:20:00+03:00,2026-05-06T21:15:00+03:00
Odesa,2026-05-06T22:19:00+03:00,2026-05-06T22:53:00+03:00
Odesa,2026-05-07T07:35:00+03:00,2026-05-07T08:05:00+03:00
Odesa,2026-05-07T19:36:00+03:00,2026-05-07T20:18:00+03:00
Odesa,2026-05-07T21:45:00+03:00,2026-05-07T23:19:00+03:00
Odesa,2026-05-07T23:22:00+03:00,2026-05-08T00:51:00+03:00
Odesa,2026-05-08T01:01:00+03:00,2026-05-08T02:28:00+03:00
Odesa,2026-05-08T21:07:00+03:00,2026-05-08T22:02:00+03:00
Odesa,2026-05-09T00:10:00+03:00,2026-05-09T01:43:00+03:00
Odesa,2026-05-09T01:36:00+03:00,2026-05-09T02:28:00+03:00
Odesa,2026-05-09T17:40:00+03:00,2026-05-09T18:24:00+03:00
Odesa,2026-05-09T21:22:00+03:00,2026-05-09T22:24:00+03:00
Odesa,2026-05-09T22:00:00+03:00,2026-05-09T22:54:00+03:00
Odesa,2026-05-09T23:33:00+03:00,2026-05-10T00:34:00+03:00
Odesa,2026-05-10T00:49:00+03:00,2026-05-10T01:21:00+03:00
Odesa,2026-05-10T20:04:00+03:00,2026-05-10T21:52:00+03:00
Odesa,2026-05-10T22:38:00+03:00,2026-05-10T23:51:00+03:00
Odesa,2026-05-11T00:34:00+03:00,2026-05-11T01:46:00+03:00
Odesa,2026-05-11T01:58:00+03:00,2026-05-11T03:11:00+03:00
Odesa,2026-05-11T02:29:00+03:00,2026-05-11T03:05:00+03:00
Odesa,2026-05-11T04:56:00+03:00,2026-05-11T06:32:00+03:00
Odesa,2026-05-11T09:33:00+03:00,2026-05-11T10:44:00+03:00
Odesa,2026-05-11T16:47:00+03:00,2026-05-11T18:36:00+03:00
Odesa,2026-05-12T00:17:00+03:00,2026-05-12T01:27:00+03:00
Odesa,2026-05-12T01:44:00+03:00,2026-05-12T02:42:00+03:00
Odesa,2026-05-12T21:09:00+03:00,2026-05-12T21:55:00+03:00
Odesa,2026-05-12T22:09:00+03:00,2026-05-13T00:08:00+03:00
Odesa,2026-05-13T00:35:00+03:00,2026-05-13T01:37:00+03:00
Odesa,2026-05-13T02:25:00+03:00,2026-05-13T03:22:00+03:00
Odesa,2026-05-13T03:43:00+03:00,2026-05-13T05:05:00+03:00
Odesa,2026-05-13T20:54:00+03:00,2026-05-13T21:51:00+03:00
Odesa,2026-05-13T21:45:00+03:00,2026-05-13T23:24:00+03:00
Odesa,2026-05-13T23:53:00+03:00,2026-05-14T00:58:00+03:00
Odesa,2026-05-14T00:10:00+03:00,2026-05-14T01:33:00+03:00
Odesa,2026-05-14T01:08:00+03:00,2026-05-14T03:01:00+03:00
Odesa,2026-05-14T02:47:00+03:00,2026-05-14T03:32:00+03:00
Odesa,2026-05-14T22:15:00+03:00,2026-05-14T23:38:00+03:00
Odesa,2026-05-15T02:38:00+03:00,2026-05-15T03:37:00+03:00
Odesa,2026-05-15T03:37:00+03:00,2026-05-15T05:27:00+03:00
Odesa,2026-05-16T03:58:00+03:00,2026-05-16T05:37:00+03:00
Odesa,2026-05-16T21:40:00+03:00,2026-05-16T23:39:00+03:00
Odesa,2026-05-16T23:50:00+03:00,2026-05-17T00:55:00+03:00
Odesa,2026-05-17T00:24:00+03:00,2026-05-17T01:48:00+03:00
Odesa,2026-05-17T01:24:00+03:00,2026-05-17T02:12:00+03:00
Odesa,2026-05-17T18:57:00+03:00,2026-05-17T20:09:00+03:00
Odesa,2026-05-17T22:08:00+03:00,2026-05-17T23:31:00+03:00
Odesa,2026-05-17T23:11:00+03:00,2026-05-17T23:44:00+03:00
Odesa,2026-05-18T00:03:00+03:00,2026-05-18T01:14:00+03:00
Odesa,2026-05-18T02:27:00+03:00,2026-05-18T03:15:00+03:00
Odesa,2026-05-18T19:17:00+03:00,2026-05-18T19:50:00+03:00
Odesa,2026-05-18T21:12:00+03:00,2026-05-18T22:32:00+03:00
Odesa,2026-05-18T23:47:00+03:00,2026-05-19T00:31:00+03:00
Odesa,2026-05-19T01:20:00+03:00,2026-05-19T03:05:00+03:00
Odesa,2026-05-19T02:48:00+03:00,2026-05-19T03:42:00+03:00
Odesa,2026-05-19T19:28:00+03:00,2026-05-19T20:51:00+03:00
Odesa,2026-05-19T22:06:00+03:00,2026-05-19T22:45:00+03:00
Odesa,2026-05-19T23:31:00+03:00,2026-05-20T00:01:00+03:00
Odesa,2026-05-20T00:28:00+03:00,2026-05-20T02:03:00+03:00
Odesa,2026-05-20T01:52:00+03:00,2026-05-20T02:28:00+03:00
Odesa,2026-05-20T03:38:00+03:00,2026-05-20T04:31:00+03:00
Odesa,2026-05-20T04:43:00+03:00,2026-05-20T05:44:00+03:00
Odesa,2026-05-20T22:19:00+03:00,2026-05-20T23:31:00+03:00
Odesa,2026-05-20T23:29:00+03:00,2026-05-21T00:06:00+03:00
Odesa,2026-05-21T01:48:00+03:00,2026-05-21T03:01:00+03:00
Odesa,2026-05-21T02:29:00+03:00,2026-05-21T03:35:00+03:00
Odesa,2026-05-21T19:20:00+03:00,2026-05-21T20:42:00+03:00
Odesa,2026-05-21T23:01:00+03:00,2026-05-22T00:48:00+03:00
Odesa,2026-05-22T00:58:00+03:00,2026-05-22T01:44:00+03:00
Odesa,2026-05-22T03:27:00+03:00,2026-05-22T04:28:00+03:00
Odesa,2026-05-22T22:10:00+03:00,2026-05-22T23:42:00+03:00
Odesa,2026-05-22T23:31:00+03:00,2026-05-23T01:03:00+03:00
Odesa,2026-05-23T03:22:00+03:00,2026-05-23T04:05:00+03:00
Odesa,2026-05-23T04:23:00+03:00,2026-05-23T05:39:00+03:00
Odesa,2026-05-23T05:03:00+03:00,2026-05-23T06:09:00+03:00
Odesa,2026-05-23T21:36:00+03:00,2026-05-23T22:10:00+03:00
Odesa,2026-05-23T22:47:00+03:00,2026-05-23T23:39:00+03:00
Odesa,2026-05-23T23:25:00+03:00,2026-05-24T01:16:00+03:00
Odesa,2026-05-24T01:41:00+03:00,2026-05-24T02:50:00+03:00
Odesa,2026-05-24T02:23:00+03:00,2026-05-24T03:40:00+03:00
Odesa,2026-05-24T03:31:00+03:00,2026-05-24T05:22:00+03:00
Odesa,2026-05-24T18:28:00+03:00,2026-05-24T20:02:00+03:00
Odesa,2026-05-24T20:14:00+03:00,2026-05-24T21:13:00+03:00
Odesa,2026-05-24T21:47:00+03:00,2026-05-24T22:59:00+03:00
Odesa,2026-05-24T22:49:00+03:00,2026-05-24T23:36:00+03:00
Odesa,2026-05-25T00:49:00+03:00,2026-05-25T02:28:00+03:00
Odesa,2026-05-25T03:55:00+03:00,2026-05-25T04:50:00+03:00
Odesa,2026-05-25T04:26:00+03:00,2026-05-25T05:41:00+03:00
Odesa,2026-05-25T06:00:00+03:00,2026-05-25T07:34:00+03:00
Odesa,2026-05-25T17:58:00+03:00,2026-05-25T18:28:00+03:00
Odesa,2026-05-25T23:56:00+03:00,2026-05-26T01:39:00+03:00
Odesa,2026-05-26T02:35:00+03:00,2026-05-26T04:03:00+03:00
Odesa,2026-05-26T20:39:00+03:00,2026-05-26T21:58:00+03:00
Odesa,2026-05-26T23:53:00+03:00,2026-05-27T01:49:00+03:00
Odesa,2026-05-27T00:03:00+03:00,2026-05-27T01:56:00+03:00
Odesa,2026-05-27T11:35:00+03:00,2026-05-27T12:47:00+03:00
Odesa,2026-05-27T19:54:00+03:00,2026-05-27T21:30:00+03:00
Odesa,2026-05-27T21:51:00+03:00,2026-05-27T23:33:00+03:00
Odesa,2026-05-27T23:04:00+03:00,2026-05-28T00:09:00+03:00
Odesa,2026-05-28T02:01:00+03:00,2026-05-28T02:34:00+03:00
Odesa,2026-05-28T04:47:00+03:00,2026-05-28T05:50:00+03:00
Odesa,2026-05-28T19:36:00+03:00,2026-05-28T21:09:00+03:00
Odesa,2026-05-28T21:09:00+03:00,2026-05-28T21:48:00+03:00
Odesa,2026-05-28T22:40:00+03:00,2026-05-29T00:30:00+03:00
Odesa,2026-05-29T01:32:00+03:00,2026-05-29T02:55:00+03:00
Odesa,2026-05-29T18:55:00+03:00,2026-05-29T19:59:00+03:00
Odesa,2026-05-29T19:47:00+03:00,2026-05-29T20:21:00+03:00
Odesa,2026-05-29T20:27:00+03:00,2026-05-29T21:37:00+03:00
Odesa,2026-05-29T21:22:00+03:00,2026-05-29T22:34:00+03:00
Odesa,2026-05-29T22:38:00+03:00,2026-05-29T23:34:00+03:00
Odesa,2026-05-29T23:14:00+03:00,2026-05-30T00:31:00+03:00
Odesa,2026-05-30T00:13:00+03:00,2026-05-30T02:08:00+03:00
Odesa,2026-05-30T01:25:00+03:00,2026-05-30T02:46:00+03:00
Odesa,2026-05-30T18:05:00+03:00,2026-05-30T19:11:00+03:00
Odesa,2026-05-30T20:30:00+03:00,2026-05-30T22:15:00+03:00
Odesa,2026-05-30T22:02:00+03:00,2026-05-30T23:04:00+03:00
Odesa,2026-05-30T23:21:00+03:00,2026-05-31T01:04:00+03:00
Odesa,2026-05-31T00:54:00+03:00,2026-05-31T02:46:00+03:00
Odesa,2026-05-31T02:11:00+03:00,2026-05-31T03:37:00+03:00
Odesa,2026-05-31T04:24:00+03:00,2026-05-31T05:56:00+03:00
Odesa,2026-05-31T08:13:00+03:00,2026-05-31T08:51:00+03:00
Odesa,2026-05-31T19:06:00+03:00,2026-05-31T20:57:00+03:00
Odesa,2026-05-31T20:28:00+03:00,2026-05-31T22:22:00+03:00
Odesa,2026-05-31T23:29:00+03:00,2026-06-01T01:00:00+03:00
Rivne,2026-04-06T00:37:00+03:00,2026-04-06T02:05:00+03:00
Rivne,2026-04-06T01:44:00+03:00,2026-04-06T02:32:00+03:00
Rivne,2026-04-07T22:35:00+03:00,2026-04-08T00:30:00+03:00
Rivne,2026-04-08T02:54:00+03:00,2026-04-08T04:13:00+03:00
Rivne,2026-04-08T21:51:00+03:00,2026-04-08T23:41:00+03:00
Rivne,2026-04-08T23:55:00+03:00,2026-04-09T01:27:00+03:00
Rivne,2026-04-09T01:51:00+03:00,2026-04-09T03:10:00+03:00
Rivne,2026-04-09T02:23:00+03:00,2026-04-09T04:20:00+03:00
Rivne,2026-04-09T19:47:00+03:00,2026-04-09T20:51:00+03:00
Rivne,2026-04-09T21:23:00+03:00,2026-04-09T22:10:00+03:00
Rivne,2026-04-10T00:43:00+03:00,2026-04-10T01:17:00+03:00
Rivne,2026-04-12T01:36:00+03:00,2026-04-12T02:11:00+03:00
Rivne,2026-04-12T02:43:00+03:00,2026-04-12T03:54:00+03:00
Rivne,2026-04-12T22:54:00+03:00,2026-04-12T23:30:00+03:00
Rivne,2026-04-12T23:38:00+03:00,2026-04-13T01:33:00+03:00
Rivne,2026-04-13T00:22:00+03:00,2026-04-13T02:08:00+03:00
Rivne,2026-04-13T02:24:00+03:00,2026-04-13T03:20:00+03:00
Rivne,2026-04-13T19:57:00+03:00,2026-04-13T20:43:00+03:00
Rivne,2026-04-13T21:25:00+03:00,2026-04-13T22:59:00+03:00
Rivne,2026-04-14T18:54:00+03:00,2026-04-14T19:31:00+03:00
Rivne,2026-04-14T19:33:00+03:00,2026-04-14T20:46:00+03:00
Rivne,2026-04-14T22:38:00+03:00,2026-04-14T23:42:00+03:00
Rivne,2026-04-15T00:35:00+03:00,2026-04-15T01:06:00+03:00
Rivne,2026-04-15T02:09:00+03:00,2026-04-15T02:55:00+03:00
Rivne,2026-04-15T23:06:00+03:00,2026-04-16T00:36:00+03:00
Rivne,2026-04-16T01:33:00+03:00,2026-04-16T02:11:00+03:00
Rivne,2026-04-16T20:14:00+03:00,2026-04-16T20:52:00+03:00
Rivne,2026-04-16T23:01:00+03:00,2026-04-17T00:27:00+03:00
Rivne,2026-04-17T03:55:00+03:00,2026-04-17T05:07:00+03:00
Rivne,2026-04-17T20:21:00+03:00,2026-04-17T22:05:00+03:00
Rivne,2026-04-17T21:23:00+03:00,2026-04-17T21:57:00+03:00
Rivne,2026-04-17T22:52:00+03:00,2026-04-17T23:46:00+03:00
Rivne,2026-04-18T01:33:00+03:00,2026-04-18T03:09:00+03:00
Rivne,2026-04-18T03:25:00+03:00,2026-04-18T04:59:00+03:00
Rivne,2026-04-18T15:11:00+03:00,2026-04-18T16:31:00+03:00
Rivne,2026-04-19T03:05:00+03:00,2026-04-19T04:29:00+03:00
Rivne,2026-04-19T21:03:00+03:00,2026-04-19T22:56:00+03:00
Rivne,2026-04-20T00:34:00+03:00,2026-04-20T02:07:00+03:00
Rivne,2026-04-20T19:02:00+03:00,2026-04-20T20:43:00+03:00
Rivne,2026-04-20T23:29:00+03:00,2026-04-21T00:22:00+03:00
Rivne,2026-04-21T21:23:00+03:00,2026-04-21T22:03:00+03:00
Rivne,2026-04-22T01:36:00+03:00,2026-04-22T02:53:00+03:00
Rivne,2026-04-23T00:38:00+03:00,2026-04-23T01:49:00+03:00
Rivne,2026-04-23T04:52:00+03:00,2026-04-23T05:23:00+03:00
Rivne,2026-04-23T22:49:00+03:00,2026-04-24T00:05:00+03:00
Rivne,2026-04-24T00:13:00+03:00,2026-04-24T01:43:00+03:00
Rivne,2026-04-26T02:29:00+03:00,2026-04-26T03:32:00+03:00
Rivne,2026-04-26T22:12:00+03:00,2026-04-26T23:04:00+03:00
Rivne,2026-04-27T01:34:00+03:00,2026-04-27T03:01:00+03:00
Rivne,2026-04-27T02:46:00+03:00,2026-04-27T04:03:00+03:00
Rivne,2026-04-27T22:20:00+03:00,2026-04-27T23:20:00+03:00
Rivne,2026-04-28T02:54:00+03:00,2026-04-28T03:26:00+03:00
Rivne,2026-04-28T19:12:00+03:00,2026-04-28T20:08:00+03:00
Rivne,2026-04-29T01:16:00+03:00,2026-04-29T02:59:00+03:00
Rivne,2026-04-29T02:11:00+03:00,2026-04-29T03:28:00+03:00
Rivne,2026-04-29T19:50:00+03:00,2026-04-29T21:21:00+03:00
Rivne,2026-04-29T20:07:00+03:00,2026-04-29T20:55:00+03:00
Rivne,2026-04-30T01:02:00+03:00,2026-04-30T02:55:00+03:00
Rivne,2026-04-30T16:48:00+03:00,2026-04-30T18:29:00+03:00
Rivne,2026-04-30T19:03:00+03:00,2026-04-30T19:43:00+03:00
Rivne,2026-05-01T02:42:00+03:00,2026-05-01T03:18:00+03:00
Rivne,2026-05-02T20:29:00+03:00,2026-05-02T22:25:00+03:00
Rivne,2026-05-02T23:54:00+03:00,2026-05-03T01:02:00+03:00
Rivne,2026-05-03T02:06:00+03:00,2026-05-03T03:44:00+03:00
Rivne,2026-05-03T04:04:00+03:00,2026-05-03T04:38:00+03:00
Rivne,2026-05-03T18:07:00+03:00,2026-05-03T19:32:00+03:00
Rivne,2026-05-03T19:59:00+03:00,2026-05-03T20:49:00+03:00
Rivne,2026-05-03T22:34:00+03:00,2026-05-04T00:20:00+03:00
Rivne,2026-05-04T21:29:00+03:00,2026-05-04T22:33:00+03:00
Rivne,2026-05-04T23:54:00+03:00,2026-05-05T00:48:00+03:00
Rivne,2026-05-06T04:25:00+03:00,2026-05-06T05:25:00+03:00
Rivne,2026-05-06T21:42:00+03:00,2026-05-06T23:13:00+03:00
Rivne,2026-05-07T00:47:00+03:00,2026-05-07T01:57:00+03:00
Rivne,2026-05-07T19:38:00+03:00,2026-05-07T20:46:00+03:00
Rivne,2026-05-07T22:01:00+03:00,2026-05-07T23:37:00+03:00
Rivne,2026-05-08T02:40:00+03:00,2026-05-08T03:27:00+03:00
Rivne,2026-05-08T22:28:00+03:00,2026-05-08T23:07:00+03:00
Rivne,2026-05-09T00:55:00+03:00,2026-05-09T02:24:00+03:00
Rivne,2026-05-09T03:40:00+03:00,2026-05-09T04:40:00+03:00
Rivne,2026-05-09T17:48:00+03:00,2026-05-09T19:44:00+03:00
Rivne,2026-05-09T20:23:00+03:00,2026-05-09T21:06:00+03:00
Rivne,2026-05-09T21:44:00+03:00,2026-05-09T22:34:00+03:00
Rivne,2026-05-10T00:32:00+03:00,2026-05-10T01:04:00+03:00
Rivne,2026-05-10T02:21:00+03:00,2026-05-10T04:10:00+03:00
Rivne,2026-05-10T23:35:00+03:00,2026-05-11T01:21:00+03:00
Rivne,2026-05-11T00:08:00+03:00,2026-05-11T01:54:00+03:00
Rivne,2026-05-12T00:54:00+03:00,2026-05-12T02:28:00+03:00
Rivne,2026-05-12T02:04:00+03:00,2026-05-12T04:01:00+03:00
Rivne,2026-05-12T03:22:00+03:00,2026-05-12T04:27:00+03:00
Rivne,2026-05-13T02:36:00+03:00,2026-05-13T03:28:00+03:00
Rivne,2026-05-13T17:07:00+03:00,2026-05-13T18:15:00+03:00
Rivne,2026-05-14T23:43:00+03:00,2026-05-15T01:42:00+03:00
Rivne,2026-05-15T17:32:00+03:00,2026-05-15T19:28:00+03:00
Rivne,2026-05-15T21:34:00+03:00,2026-05-15T22:54:00+03:00
Rivne,2026-05-16T00:58:00+03:00,2026-05-16T02:51:00+03:00
Rivne,2026-05-16T18:47:00+03:00,2026-05-16T20:47:00+03:00
Rivne,2026-05-16T21:36:00+03:00,2026-05-16T22:42:00+03:00
Rivne,2026-05-16T23:17:00+03:00,2026-05-17T00:11:00+03:00
Rivne,2026-05-17T04:21:00+03:00,2026-05-17T05:48:00+03:00
Rivne,2026-05-18T23:59:00+03:00,2026-05-19T01:45:00+03:00
Rivne,2026-05-19T21:21:00+03:00,2026-05-19T22:59:00+03:00
Rivne,2026-05-19T23:27:00+03:00,2026-05-20T00:05:00+03:00
Rivne,2026-05-20T01:37:00+03:00,2026-05-20T02:22:00+03:00
Rivne,2026-05-22T02:31:00+03:00,2026-05-22T04:05:00+03:00
Rivne,2026-05-22T03:09:00+03:00,2026-05-22T03:42:00+03:00
Rivne,2026-05-22T19:30:00+03:00,2026-05-22T21:25:00+03:00
Rivne,2026-05-22T22:53:00+03:00,2026-05-23T00:28:00+03:00
Rivne,2026-05-22T23:54:00+03:00,2026-05-23T00:52:00+03:00
Rivne,2026-05-23T23:58:00+03:00,2026-05-24T01:46:00+03:00
Rivne,2026-05-24T02:20:00+03:00,2026-05-24T03:09:00+03:00
Rivne,2026-05-24T23:19:00+03:00,2026-05-25T00:27:00+03:00
Rivne,2026-05-25T02:54:00+03:00,2026-05-25T03:59:00+03:00
Rivne,2026-05-25T22:35:00+03:00,2026-05-26T00:20:00+03:00
Rivne,2026-05-26T03:42:00+03:00,2026-05-26T04:53:00+03:00
Rivne,2026-05-26T20:33:00+03:00,2026-05-26T21:56:00+03:00
Rivne,2026-05-26T21:07:00+03:00,2026-05-26T22:55:00+03:00
Rivne,2026-05-26T23:56:00+03:00,2026-05-27T01:41:00+03:00
Rivne,2026-05-27T19:08:00+03:00,2026-05-27T20:15:00+03:00
Rivne,2026-05-27T21:39:00+03:00,2026-05-27T23:32:00+03:00
Rivne,2026-05-29T23:58:00+03:00,2026-05-30T01:06:00+03:00
Rivne,2026-05-30T00:04:00+03:00,2026-05-30T00:44:00+03:00
Rivne,2026-05-30T05:45:00+03:00,2026-05-30T06:54:00+03:00
Rivne,2026-05-30T23:15:00+03:00,2026-05-31T00:36:00+03:00
Zhytomyr,2026-04-06T01:14:00+03:00,2026-04-06T03:14:00+03:00
Zhytomyr,2026-04-06T04:48:00+03:00,2026-04-06T05:52:00+03:00
Zhytomyr,2026-04-06T22:37:00+03:00,2026-04-06T23:45:00+03:00
Zhytomyr,2026-04-06T23:39:00+03:00,2026-04-07T00:21:00+03:00
Zhytomyr,2026-04-07T05:10:00+03:00,2026-04-07T06:29:00+03:00
Zhytomyr,2026-04-07T19:29:00+03:00,2026-04-07T20:26:00+03:00
Zhytomyr,2026-04-07T22:13:00+03:00,2026-04-07T23:00:00+03:00
Zhytomyr,2026-04-08T01:29:00+03:00,2026-04-08T02:08:00+03:00
Zhytomyr,2026-04-08T20:52:00+03:00,2026-04-08T22:26:00+03:00
Zhytomyr,2026-04-09T00:02:00+03:00,2026-04-09T01:02:00+03:00
Zhytomyr,2026-04-09T05:41:00+03:00,2026-04-09T06:37:00+03:00
Zhytomyr,2026-04-09T17:19:00+03:00,2026-04-09T17:51:00+03:00
Zhytomyr,2026-04-09T21:43:00+03:00,2026-04-09T22:13:00+03:00
Zhytomyr,2026-04-10T00:11:00+03:00,2026-04-10T01:59:00+03:00
Zhytomyr,2026-04-10T01:41:00+03:00,2026-04-10T03:17:00+03:00
Zhytomyr,2026-04-10T02:30:00+03:00,2026-04-10T03:45:00+03:00
Zhytomyr,2026-04-10T04:43:00+03:00,2026-04-10T05:49:00+03:00
Zhytomyr,2026-04-10T19:11:00+03:00,2026-04-10T20:19:00+03:00
Zhytomyr,2026-04-10T22:17:00+03:00,2026-04-10T23:05:00+03:00
Zhytomyr,2026-04-10T23:35:00+03:00,2026-04-11T01:04:00+03:00
Zhytomyr,2026-04-11T02:45:00+03:00,2026-04-11T03:26:00+03:00
Zhytomyr,2026-04-11T04:04:00+03:00,2026-04-11T05:57:00+03:00
Zhytomyr,2026-04-11T21:39:00+03:00,2026-04-11T23:37:00+03:00
Zhytomyr,2026-04-11T22:38:00+03:00,2026-04-11T23:24:00+03:00
Zhytomyr,2026-04-12T00:58:00+03:00,2026-04-12T02:33:00+03:00
Zhytomyr,2026-04-12T02:58:00+03:00,2026-04-12T04:46:00+03:00
Zhytomyr,2026-04-12T03:37:00+03:00,2026-04-12T04:43:00+03:00
Zhytomyr,2026-04-12T05:39:00+03:00,2026-04-12T06:52:00+03:00
Zhytomyr,2026-04-12T19:25:00+03:00,2026-04-12T20:06:00+03:00
Zhytomyr,2026-04-12T21:46:00+03:00,2026-04-12T22:45:00+03:00
Zhytomyr,2026-04-13T05:08:00+03:00,2026-04-13T07:06:00+03:00
Zhytomyr,2026-04-13T23:16:00+03:00,2026-04-14T01:09:00+03:00
Zhytomyr,2026-04-14T00:38:00+03:00,2026-04-14T01:55:00+03:00
Zhytomyr,2026-04-14T01:52:00+03:00,2026-04-14T03:27:00+03:00
Zhytomyr,2026-04-15T02:38:00+03:00,2026-04-15T03:18:00+03:00
Zhytomyr,2026-04-15T03:26:00+03:00,2026-04-15T04:43:00+03:00
Zhytomyr,2026-04-15T04:31:00+03:00,2026-04-15T06:31:00+03:00
Zhytomyr,2026-04-15T20:22:00+03:00,2026-04-15T21:28:00+03:00
Zhytomyr,2026-04-15T22:10:00+03:00,2026-04-16T00:06:00+03:00
Zhytomyr,2026-04-15T23:13:00+03:00,2026-04-16T00:29:00+03:00
Zhytomyr,2026-04-16T00:23:00+03:00,2026-04-16T02:14:00+03:00
Zhytomyr,2026-04-16T02:15:00+03:00,2026-04-16T02:54:00+03:00
Zhytomyr,2026-04-16T19:22:00+03:00,2026-04-16T20:27:00+03:00
Zhytomyr,2026-04-16T20:35:00+03:00,2026-04-16T22:15:00+03:00
Zhytomyr,2026-04-16T22:09:00+03:00,2026-04-16T22:47:00+03:00
Zhytomyr,2026-04-16T23:59:00+03:00,2026-04-17T00:36:00+03:00
Zhytomyr,2026-04-17T01:55:00+03:00,2026-04-17T03:11:00+03:00
Zhytomyr,2026-04-17T04:22:00+03:00,2026-04-17T06:20:00+03:00
Zhytomyr,2026-04-18T00:55:00+03:00,2026-04-18T02:42:00+03:00
Zhytomyr,2026-04-18T01:46:00+03:00,2026-04-18T03:04:00+03:00
Zhytomyr,2026-04-18T20:30:00+03:00,2026-04-18T21:32:00+03:00
Zhytomyr,2026-04-19T16:38:00+03:00,2026-04-19T17:22:00+03:00
Zhytomyr,2026-04-19T22:05:00+03:00,2026-04-19T23:53:00+03:00
Zhytomyr,2026-04-20T00:22:00+03:00,2026-04-20T01:48:00+03:00
Zhytomyr,2026-04-20T01:39:00+03:00,2026-04-20T02:16:00+03:00
Zhytomyr,2026-04-20T03:58:00+03:00,2026-04-20T05:13:00+03:00
Zhytomyr,2026-04-20T05:06:00+03:00,2026-04-20T06:38:00+03:00
Zhytomyr,2026-04-20T22:43:00+03:00,2026-04-20T23:15:00+03:00
Zhytomyr,2026-04-21T21:04:00+03:00,2026-04-21T23:02:00+03:00
Zhytomyr,2026-04-22T00:46:00+03:00,2026-04-22T02:18:00+03:00
Zhytomyr,2026-04-22T18:08:00+03:00,2026-04-22T18:56:00+03:00
Zhytomyr,2026-04-22T23:04:00+03:00,2026-04-23T00:46:00+03:00
Zhytomyr,2026-04-23T01:17:00+03:00,2026-04-23T02:04:00+03:00
Zhytomyr,2026-04-23T22:03:00+03:00,2026-04-23T23:51:00+03:00
Zhytomyr,2026-04-24T01:36:00+03:00,2026-04-24T03:29:00+03:00
Zhytomyr,2026-04-24T14:26:00+03:00,2026-04-24T15:02:00+03:00
Zhytomyr,2026-04-25T21:55:00+03:00,2026-04-25T22:35:00+03:00
Zhytomyr,2026-04-25T23:47:00+03:00,2026-04-26T01:27:00+03:00
Zhytomyr,2026-04-27T02:27:00+03:00,2026-04-27T03:55:00+03:00
Zhytomyr,2026-04-27T03:05:00+03:00,2026-04-27T03:45:00+03:00
Zhytomyr,2026-04-27T21:15:00+03:00,2026-04-27T21:58:00+03:00
Zhytomyr,2026-04-28T00:51:00+03:00,2026-04-28T02:25:00+03:00
Zhytomyr,2026-04-28T01:27:00+03:00,2026-04-28T03:04:00+03:00
Zhytomyr,2026-04-28T04:40:00+03:00,2026-04-28T05:18:00+03:00
Zhytomyr,2026-04-29T00:10:00+03:00,2026-04-29T00:57:00+03:00
Zhytomyr,2026-04-29T03:41:00+03:00,2026-04-29T04:21:00+03:00
Zhytomyr,2026-04-29T04:06:00+03:00,2026-04-29T04:40:00+03:00
Zhytomyr,2026-04-29T19:20:00+03:00,2026-04-29T19:57:00+03:00
Zhytomyr,2026-04-29T23:53:00+03:00,2026-04-30T01:21:00+03:00
Zhytomyr,2026-04-30T01:19:00+03:00,2026-04-30T02:05:00+03:00
Zhytomyr,2026-04-30T02:48:00+03:00,2026-04-30T03:44:00+03:00
Zhytomyr,2026-04-30T03:20:00+03:00,2026-04-30T05:11:00+03:00
Zhytomyr,2026-04-30T18:06:00+03:00,2026-04-30T19:03:00+03:00
Zhytomyr,2026-04-30T19:41:00+03:00,2026-04-30T20:57:00+03:00
Zhytomyr,2026-04-30T21:14:00+03:00,2026-04-30T22:59:00+03:00
Zhytomyr,2026-05-01T01:05:00+03:00,2026-05-01T01:43:00+03:00
Zhytomyr,2026-05-01T03:47:00+03:00,2026-05-01T04:21:00+03:00
Zhytomyr,2026-05-01T05:35:00+03:00,2026-05-01T06:08:00+03:00
Zhytomyr,2026-05-01T23:00:00+03:00,2026-05-01T23:37:00+03:00
Zhytomyr,2026-05-02T00:24:00+03:00,2026-05-02T01:50:00+03:00
Zhytomyr,2026-05-02T20:00:00+03:00,2026-05-02T21:39:00+03:00
Zhytomyr,2026-05-02T23:39:00+03:00,2026-05-03T00:45:00+03:00
Zhytomyr,2026-05-03T00:14:00+03:00,2026-05-03T01:54:00+03:00
Zhytomyr,2026-05-03T18:12:00+03:00,2026-05-03T18:49:00+03:00
Zhytomyr,2026-05-03T21:40:00+03:00,2026-05-03T22:11:00+03:00
Zhytomyr,2026-05-04T07:30:00+03:00,2026-05-04T08:42:00+03:00
Zhytomyr,2026-05-05T00:06:00+03:00,2026-05-05T00:36:00+03:00
Zhytomyr,2026-05-05T03:09:00+03:00,2026-05-05T04:10:00+03:00
Zhytomyr,2026-05-05T04:00:00+03:00,2026-05-05T05:14:00+03:00
Zhytomyr,2026-05-05T22:12:00+03:00,2026-05-05T23:50:00+03:00
Zhytomyr,2026-05-06T00:36:00+03:00,2026-05-06T02:24:00+03:00
Zhytomyr,2026-05-06T20:26:00+03:00,2026-05-06T21:45:00+03:00
Zhytomyr,2026-05-06T21:27:00+03:00,2026-05-06T22:28:00+03:00
Zhytomyr,2026-05-06T22:46:00+03:00,2026-05-06T23:44:00+03:00
Zhytomyr,2026-05-07T01:54:00+03:00,2026-05-07T03:32:00+03:00
Zhytomyr,2026-05-08T23:21:00+03:00,2026-05-09T00:48:00+03:00
Zhytomyr,2026-05-09T00:04:00+03:00,2026-05-09T01:45:00+03:00
Zhytomyr,2026-05-09T20:14:00+03:00,2026-05-09T22:11:00+03:00
Zhytomyr,2026-05-09T23:34:00+03:00,2026-05-10T01:28:00+03:00
Zhytomyr,2026-05-10T02:56:00+03:00,2026-05-10T04:51:00+03:00
Zhytomyr,2026-05-10T22:26:00+03:00,2026-05-10T23:10:00+03:00
Zhytomyr,2026-05-10T23:55:00+03:00,2026-05-11T01:45:00+03:00
Zhytomyr,2026-05-11T04:19:00+03:00,2026-05-11T06:13:00+03:00
Zhytomyr,2026-05-11T22:58:00+03:00,2026-05-11T23:42:00+03:00
Zhytomyr,2026-05-11T23:51:00+03:00,2026-05-12T01:27:00+03:00
Zhytomyr,2026-05-12T03:50:00+03:00,2026-05-12T05:03:00+03:00
Zhytomyr,2026-05-12T04:37:00+03:00,2026-05-12T06:05:00+03:00
Zhytomyr,2026-05-12T20:10:00+03:00,2026-05-12T21:48:00+03:00
Zhytomyr,2026-05-12T21:40:00+03:00,2026-05-12T23:10:00+03:00
Zhytomyr,2026-05-13T00:56:00+03:00,2026-05-13T01:47:00+03:00
Zhytomyr,2026-05-13T19:13:00+03:00,2026-05-13T21:06:00+03:00
Zhytomyr,2026-05-14T01:22:00+03:00,2026-05-14T02:31:00+03:00
Zhytomyr,2026-05-14T17:17:00+03:00,2026-05-14T18:34:00+03:00
Zhytomyr,2026-05-14T20:13:00+03:00,2026-05-14T21:05:00+03:00
Zhytomyr,2026-05-14T21:30:00+03:00,2026-05-14T22:01:00+03:00
Zhytomyr,2026-05-15T00:50:00+03:00,2026-05-15T02:03:00+03:00
Zhytomyr,2026-05-15T03:09:00+03:00,2026-05-15T04:07:00+03:00
Zhytomyr,2026-05-15T05:40:00+03:00,2026-05-15T07:10:00+03:00
Zhytomyr,2026-05-15T20:15:00+03:00,2026-05-15T20:58:00+03:00
Zhytomyr,2026-05-15T21:39:00+03:00,2026-05-15T22:55:00+03:00
Zhytomyr,2026-05-15T23:56:00+03:00,2026-05-16T00:54:00+03:00
Zhytomyr,2026-05-16T01:26:00+03:00,2026-05-16T02:21:00+03:00
Zhytomyr,2026-05-17T01:53:00+03:00,2026-05-17T03:32:00+03:00
Zhytomyr,2026-05-17T23:07:00+03:00,2026-05-18T01:01:00+03:00
Zhytomyr,2026-05-18T03:42:00+03:00,2026-05-18T04:52:00+03:00
Zhytomyr,2026-05-18T17:40:00+03:00,2026-05-18T19:15:00+03:00
Zhytomyr,2026-05-18T19:43:00+03:00,2026-05-18T20:35:00+03:00
Zhytomyr,2026-05-18T21:52:00+03:00,2026-05-18T22:39:00+03:00
Zhytomyr,2026-05-18T22:41:00+03:00,2026-05-18T23:13:00+03:00
Zhytomyr,2026-05-19T01:08:00+03:00,2026-05-19T03:01:00+03:00
Zhytomyr,2026-05-19T03:47:00+03:00,2026-05-19T04:32:00+03:00
Zhytomyr,2026-05-20T00:01:00+03:00,2026-05-20T01:49:00+03:00
Zhytomyr,2026-05-20T01:46:00+03:00,2026-05-20T03:28:00+03:00
Zhytomyr,2026-05-20T19:28:00+03:00,2026-05-20T20:56:00+03:00
Zhytomyr,2026-05-22T03:27:00+03:00,2026-05-22T04:39:00+03:00
Zhytomyr,2026-05-23T01:36:00+03:00,2026-05-23T02:31:00+03:00
Zhytomyr,2026-05-23T02:20:00+03:00,2026-05-23T03:02:00+03:00
Zhytomyr,2026-05-23T21:30:00+03:00,2026-05-23T22:21:00+03:00
Zhytomyr,2026-05-24T04:14:00+03:00,2026-05-24T05:57:00+03:00
Zhytomyr,2026-05-24T22:28:00+03:00,2026-05-24T23:12:00+03:00
Zhytomyr,2026-05-24T23:23:00+03:00,2026-05-25T00:20:00+03:00
Zhytomyr,2026-05-25T01:22:00+03:00,2026-05-25T03:17:00+03:00
Zhytomyr,2026-05-25T06:10:00+03:00,2026-05-25T08:09:00+03:00
Zhytomyr,2026-05-26T00:31:00+03:00,2026-05-26T02:06:00+03:00
Zhytomyr,2026-05-26T02:36:00+03:00,2026-05-26T03:07:00+03:00
Zhytomyr,2026-05-27T00:54:00+03:00,2026-05-27T01:24:00+03:00
Zhytomyr,2026-05-28T02:56:00+03:00,2026-05-28T04:11:00+03:00
Zhytomyr,2026-05-28T16:05:00+03:00,2026-05-28T17:28:00+03:00
Zhytomyr,2026-05-28T23:03:00+03:00,2026-05-29T01:03:00+03:00
Zhytomyr,2026-05-29T01:27:00+03:00,2026-05-29T02:38:00+03:00
Zhytomyr,2026-05-29T03:38:00+03:00,2026-05-29T05:01:00+03:00
Zhytomyr,2026-05-29T16:00:00+03:00,2026-05-29T17:33:00+03:00
Zhytomyr,2026-05-29T20:31:00+03:00,2026-05-29T21:38:00+03:00
Zhytomyr,2026-05-29T23:06:00+03:00,2026-05-30T00:19:00+03:00
Zhytomyr,2026-05-30T02:44:00+03:00,2026-05-30T04:41:00+03:00
Zhytomyr,2026-05-31T18:58:00+03:00,2026-05-31T20:10:00+03:00
Zhytomyr,2026-05-31T19:57:00+03:00,2026-05-31T20:46:00+03:00
Zhytomyr,2026-05-31T21:07:00+03:00,2026-05-31T23:04:00+03:00
Zhytomyr,2026-05-31T22:02:00+03:00,2026-05-31T22:53:00+03:00
